group,signal,left_deg,right_deg,rows,flight_weight
KRDU/train,raw,0,2,1373,5.290171616262362
KRDU/train,raw,2,4,1130,4.162702657682181
KRDU/train,raw,4,6,1670,6.214878245237163
KRDU/train,raw,6,8,9542,32.06210101866814
KRDU/train,raw,8,10,2555,9.77501691952719
KRDU/train,raw,10,12,2023,7.649216099737849
KRDU/train,raw,12,14,1880,7.072415651051571
KRDU/train,raw,14,16,2025,7.801315507952523
KRDU/train,raw,16,18,2767,11.185984209923888
KRDU/train,raw,18,20,3189,12.727283518373966
KRDU/train,raw,20,22,2887,12.216205431647722
KRDU/train,raw,22,24,2223,8.566612059306763
KRDU/train,raw,24,26,2086,8.076761341747272
KRDU/train,raw,26,28,2266,8.756045299669722
KRDU/train,raw,28,30,2434,9.778621940993503
KRDU/train,raw,30,32,2154,8.223578296358653
KRDU/train,raw,32,34,2259,8.882989351455251
KRDU/train,raw,34,36,10554,38.29216250347869
KRDU/train,raw,36,38,21321,71.81921241735247
KRDU/train,raw,38,40,3931,14.774627231414172
KRDU/train,raw,40,42,6163,23.758378645359983
KRDU/train,raw,42,44,18717,77.1783849348148
KRDU/train,raw,44,46,254452,1305.6226173819823
KRDU/train,raw,46,48,11233,43.74174006082512
KRDU/train,raw,48,50,4537,16.41868671513248
KRDU/train,raw,50,52,3565,12.492507775118838
KRDU/train,raw,52,54,2863,9.908978164673726
KRDU/train,raw,54,56,2403,8.2918386717879
KRDU/train,raw,56,58,2692,9.402522535292746
KRDU/train,raw,58,60,2348,8.049422376752318
KRDU/train,raw,60,62,1956,6.731851440458058
KRDU/train,raw,62,64,1959,6.654989529661634
KRDU/train,raw,64,66,2324,7.902889773857396
KRDU/train,raw,66,68,2232,7.636931757068851
KRDU/train,raw,68,70,2140,7.352057120980817
KRDU/train,raw,70,72,2520,8.664172749344289
KRDU/train,raw,72,74,3172,10.77411086768484
KRDU/train,raw,74,76,34912,114.56664454963402
KRDU/train,raw,76,78,7953,26.67475808927884
KRDU/train,raw,78,80,1827,7.321795073651856
KRDU/train,raw,80,82,1060,3.9961481457717127
KRDU/train,raw,82,84,774,2.7856846846002554
KRDU/train,raw,84,86,870,3.272560740258541
KRDU/train,raw,86,88,770,2.951783775546346
KRDU/train,raw,88,90,714,2.6781636375808375
KRDU/train,raw,90,92,660,2.4522303276141884
KRDU/train,raw,92,94,692,2.6150195960713063
KRDU/train,raw,94,96,982,3.6718437847971472
KRDU/train,raw,96,98,963,3.7083810942879154
KRDU/train,raw,98,100,801,3.1314961742702963
KRDU/train,raw,100,102,672,2.5722599767143492
KRDU/train,raw,102,104,648,2.3983384706496054
KRDU/train,raw,104,106,662,2.553360837029686
KRDU/train,raw,106,108,601,2.258015670430268
KRDU/train,raw,108,110,600,2.210771390314676
KRDU/train,raw,110,112,517,1.9681758621923109
KRDU/train,raw,112,114,520,1.9127895024676036
KRDU/train,raw,114,116,668,2.647200778782917
KRDU/train,raw,116,118,909,4.042598458337125
KRDU/train,raw,118,120,1094,4.715446514839641
KRDU/train,raw,120,122,665,2.5955368896952677
KRDU/train,raw,122,124,620,2.356521692951901
KRDU/train,raw,124,126,752,3.1202807906297494
KRDU/train,raw,126,128,1076,4.693738101481358
KRDU/train,raw,128,130,1019,4.555706887528231
KRDU/train,raw,130,132,1128,4.769734588608117
KRDU/train,raw,132,134,1147,4.318148333632962
KRDU/train,raw,134,136,2273,9.157675599191407
KRDU/train,raw,136,138,2524,9.34110137020707
KRDU/train,raw,138,140,2688,10.100498363645329
KRDU/train,raw,140,142,2453,8.457145986689738
KRDU/train,raw,142,144,1591,5.6124830689245755
KRDU/train,raw,144,146,1075,3.7849941941631187
KRDU/train,raw,146,148,1669,5.84143809403713
KRDU/train,raw,148,150,1428,5.125663796911795
KRDU/train,raw,150,152,746,2.869127366812336
KRDU/train,raw,152,154,745,2.7750673920727422
KRDU/train,raw,154,156,739,2.6982162293293186
KRDU/train,raw,156,158,720,2.8171279077582767
KRDU/train,raw,158,160,686,2.570721460660934
KRDU/train,raw,160,162,755,3.029903454212217
KRDU/train,raw,162,164,606,2.403107087113767
KRDU/train,raw,164,166,651,2.496881167927768
KRDU/train,raw,166,168,572,2.1650154372355246
KRDU/train,raw,168,170,685,2.6101646341821834
KRDU/train,raw,170,172,675,2.6704099957942162
KRDU/train,raw,172,174,665,2.571039924238903
KRDU/train,raw,174,176,794,3.074943895060187
KRDU/train,raw,176,178,755,2.971226841062162
KRDU/train,raw,178,180,978,4.006342867423427
KRDU/train,raw,180,182,918,3.579159499074194
KRDU/train,raw,182,184,667,2.5602657647318665
KRDU/train,raw,184,186,765,2.9817689025830987
KRDU/train,raw,186,188,953,3.857754194786594
KRDU/train,raw,188,190,1122,4.283645700265424
KRDU/train,raw,190,192,1297,5.417741235426092
KRDU/train,raw,192,194,1028,4.159573404963339
KRDU/train,raw,194,196,1258,5.3560875529533405
KRDU/train,raw,196,198,1958,9.40519050339526
KRDU/train,raw,198,200,2211,9.93543081229518
KRDU/train,raw,200,202,1385,6.273288052908356
KRDU/train,raw,202,204,1135,4.940601861802861
KRDU/train,raw,204,206,2331,12.93116603171029
KRDU/train,raw,206,208,3535,22.17360388474026
KRDU/train,raw,208,210,2249,12.335547341803249
KRDU/train,raw,210,212,1904,10.254860533657848
KRDU/train,raw,212,214,1609,7.970720570801859
KRDU/train,raw,214,216,1684,8.593917645439888
KRDU/train,raw,216,218,2196,11.293945495765456
KRDU/train,raw,218,220,3279,15.799357009643245
KRDU/train,raw,220,222,5565,28.589903240643707
KRDU/train,raw,222,224,47257,221.28027885024085
KRDU/train,raw,224,226,506234,3021.9401303936284
KRDU/train,raw,226,228,19348,100.61772117496184
KRDU/train,raw,228,230,9634,45.36440047671567
KRDU/train,raw,230,232,29930,105.42924662269616
KRDU/train,raw,232,234,4580,22.481568916984543
KRDU/train,raw,234,236,3702,18.58137051149697
KRDU/train,raw,236,238,3264,16.331562817631493
KRDU/train,raw,238,240,3045,15.38466348307793
KRDU/train,raw,240,242,3033,14.844452860353158
KRDU/train,raw,242,244,2841,14.008418284128311
KRDU/train,raw,244,246,2961,14.749877517112509
KRDU/train,raw,246,248,3334,17.027792164019047
KRDU/train,raw,248,250,4435,23.721385322317474
KRDU/train,raw,250,252,4302,23.631637499018325
KRDU/train,raw,252,254,3878,20.72791699580648
KRDU/train,raw,254,256,4954,28.811218756880407
KRDU/train,raw,256,258,4476,24.043036968506385
KRDU/train,raw,258,260,5223,28.007378130832876
KRDU/train,raw,260,262,5560,30.329108750084742
KRDU/train,raw,262,264,4191,21.67410827599997
KRDU/train,raw,264,266,3544,17.890204163453745
KRDU/train,raw,266,268,2953,14.469380304472907
KRDU/train,raw,268,270,3191,15.678472301269721
KRDU/train,raw,270,272,2996,14.809581663742392
KRDU/train,raw,272,274,3299,15.919951273594052
KRDU/train,raw,274,276,17783,66.049116458149
KRDU/train,raw,276,278,4336,18.973171933474987
KRDU/train,raw,278,280,4558,22.72148480798205
KRDU/train,raw,280,282,6030,30.68443203280549
KRDU/train,raw,282,284,12193,50.06625825654646
KRDU/train,raw,284,286,2723,15.043436250993182
KRDU/train,raw,286,288,2296,12.376636114656321
KRDU/train,raw,288,290,2979,17.10527667920269
KRDU/train,raw,290,292,3916,23.183475123069
KRDU/train,raw,292,294,3323,18.74520273445978
KRDU/train,raw,294,296,3307,18.70455759534707
KRDU/train,raw,296,298,3252,18.29619014632317
KRDU/train,raw,298,300,3202,18.0932813281579
KRDU/train,raw,300,302,2213,11.45073936478093
KRDU/train,raw,302,304,1769,8.379964292539626
KRDU/train,raw,304,306,1379,5.724129216156143
KRDU/train,raw,306,308,1276,4.994882808289731
KRDU/train,raw,308,310,1410,5.4595371589430215
KRDU/train,raw,310,312,1547,5.9547285776307035
KRDU/train,raw,312,314,2145,8.233289135822815
KRDU/train,raw,314,316,3107,11.380727208428652
KRDU/train,raw,316,318,3961,14.48699450989443
KRDU/train,raw,318,320,4558,16.952187675114146
KRDU/train,raw,320,322,5187,20.019724505928934
KRDU/train,raw,322,324,3730,13.337779866267738
KRDU/train,raw,324,326,2220,7.711266442790475
KRDU/train,raw,326,328,1573,5.5154282370685905
KRDU/train,raw,328,330,1335,4.799666404552227
KRDU/train,raw,330,332,1241,4.423727515614701
KRDU/train,raw,332,334,1132,4.0899417213713605
KRDU/train,raw,334,336,1027,3.8109386856667697
KRDU/train,raw,336,338,1135,4.489323253754264
KRDU/train,raw,338,340,1106,4.185889502686223
KRDU/train,raw,340,342,1095,4.0434218924046945
KRDU/train,raw,342,344,1021,3.758466559252156
KRDU/train,raw,344,346,1117,4.2521340793027775
KRDU/train,raw,346,348,1139,4.1864575340187
KRDU/train,raw,348,350,1129,4.1538686840222
KRDU/train,raw,350,352,1114,4.239124149647978
KRDU/train,raw,352,354,1132,4.016952343049525
KRDU/train,raw,354,356,1082,4.023668513304983
KRDU/train,raw,356,358,1122,4.135971783967761
KRDU/train,raw,358,360,1212,4.722742825517344
KRDU/train,smoothed,0,2,1356,5.160497027724833
KRDU/train,smoothed,2,4,1155,4.326157820770209
KRDU/train,smoothed,4,6,1668,6.2059122671767
KRDU/train,smoothed,6,8,9448,31.74833044252017
KRDU/train,smoothed,8,10,2609,10.001724350721226
KRDU/train,smoothed,10,12,2056,7.768348961076384
KRDU/train,smoothed,12,14,1867,7.025569921674673
KRDU/train,smoothed,14,16,2044,7.8835553892034085
KRDU/train,smoothed,16,18,2736,11.029400807441732
KRDU/train,smoothed,18,20,3187,12.762234536851722
KRDU/train,smoothed,20,22,2915,12.320007129413355
KRDU/train,smoothed,22,24,2194,8.509196461187571
KRDU/train,smoothed,24,26,2136,8.275776123467935
KRDU/train,smoothed,26,28,2271,8.728157926297172
KRDU/train,smoothed,28,30,2537,10.192072468973777
KRDU/train,smoothed,30,32,2138,8.158634095788216
KRDU/train,smoothed,32,34,2357,9.28222622226366
KRDU/train,smoothed,34,36,10441,37.92844337115767
KRDU/train,smoothed,36,38,21730,73.21603753997715
KRDU/train,smoothed,38,40,4073,15.28603489646639
KRDU/train,smoothed,40,42,6261,24.137177510520473
KRDU/train,smoothed,42,44,18240,74.70192514073034
KRDU/train,smoothed,44,46,253972,1304.3979090551418
KRDU/train,smoothed,46,48,10955,42.47674620150269
KRDU/train,smoothed,48,50,4535,16.345990145814994
KRDU/train,smoothed,50,52,3633,12.749214432645886
KRDU/train,smoothed,52,54,2939,10.127955557634778
KRDU/train,smoothed,54,56,2429,8.447515086394105
KRDU/train,smoothed,56,58,2693,9.3899724650812
KRDU/train,smoothed,58,60,2414,8.307548477520413
KRDU/train,smoothed,60,62,1999,6.83206955263563
KRDU/train,smoothed,62,64,1992,6.764572252497601
KRDU/train,smoothed,64,66,2350,8.040800329298008
KRDU/train,smoothed,66,68,2243,7.683648012346566
KRDU/train,smoothed,68,70,2228,7.615180611620644
KRDU/train,smoothed,70,72,2623,9.037801459298862
KRDU/train,smoothed,72,74,3303,11.225536295912661
KRDU/train,smoothed,74,76,34761,114.0609810178671
KRDU/train,smoothed,76,78,7776,26.162704977169142
KRDU/train,smoothed,78,80,1759,7.045570403978445
KRDU/train,smoothed,80,82,1065,4.052054506355262
KRDU/train,smoothed,82,84,775,2.7779221592541035
KRDU/train,smoothed,84,86,824,3.107981230936275
KRDU/train,smoothed,86,88,846,3.2300095342359327
KRDU/train,smoothed,88,90,652,2.4588448937415706
KRDU/train,smoothed,90,92,678,2.5205100761024823
KRDU/train,smoothed,92,94,705,2.650199656702398
KRDU/train,smoothed,94,96,933,3.5174627224198503
KRDU/train,smoothed,96,98,1004,3.872957042030066
KRDU/train,smoothed,98,100,816,3.166173008859232
KRDU/train,smoothed,100,102,703,2.684264530406381
KRDU/train,smoothed,102,104,635,2.3563115416598066
KRDU/train,smoothed,104,106,656,2.5098932371568026
KRDU/train,smoothed,106,108,629,2.390545165936146
KRDU/train,smoothed,108,110,558,2.0722966125158564
KRDU/train,smoothed,110,112,554,2.106288648640657
KRDU/train,smoothed,112,114,506,1.8531542325549708
KRDU/train,smoothed,114,116,682,2.719533406442224
KRDU/train,smoothed,116,118,918,4.0569496375528615
KRDU/train,smoothed,118,120,1083,4.681532724514
KRDU/train,smoothed,120,122,692,2.7058164720447166
KRDU/train,smoothed,122,124,643,2.4316667828024947
KRDU/train,smoothed,124,126,765,3.1736567992938944
KRDU/train,smoothed,126,128,1096,4.791251111779729
KRDU/train,smoothed,128,130,1022,4.535780124380381
KRDU/train,smoothed,130,132,1151,4.881368078728428
KRDU/train,smoothed,132,134,1157,4.352648142110411
KRDU/train,smoothed,134,136,2260,9.1480480425912
KRDU/train,smoothed,136,138,2513,9.28710332396031
KRDU/train,smoothed,138,140,2653,10.03342756765096
KRDU/train,smoothed,140,142,2365,8.154377091151673
KRDU/train,smoothed,142,144,1579,5.5795439237404025
KRDU/train,smoothed,144,146,1074,3.7945266001684104
KRDU/train,smoothed,146,148,1691,5.912491597230655
KRDU/train,smoothed,148,150,1442,5.177464861600583
KRDU/train,smoothed,150,152,790,3.0308657404402766
KRDU/train,smoothed,152,154,713,2.65847034083572
KRDU/train,smoothed,154,156,796,2.894453960523151
KRDU/train,smoothed,156,158,715,2.790013973938585
KRDU/train,smoothed,158,160,677,2.5657394475742876
KRDU/train,smoothed,160,162,784,3.140401236805701
KRDU/train,smoothed,162,164,583,2.2856869146667123
KRDU/train,smoothed,164,166,659,2.5751731603036205
KRDU/train,smoothed,166,168,605,2.23995894376867
KRDU/train,smoothed,168,170,652,2.486345651395368
KRDU/train,smoothed,170,172,716,2.849130855664498
KRDU/train,smoothed,172,174,662,2.526826305504528
KRDU/train,smoothed,174,176,784,3.083946251398629
KRDU/train,smoothed,176,178,797,3.1016551570778574
KRDU/train,smoothed,178,180,962,3.9517747709760442
KRDU/train,smoothed,180,182,933,3.6562470024218783
KRDU/train,smoothed,182,184,667,2.535683214650817
KRDU/train,smoothed,184,186,728,2.8911226427449037
KRDU/train,smoothed,186,188,1010,4.05032927832508
KRDU/train,smoothed,188,190,1080,4.143931063042601
KRDU/train,smoothed,190,192,1322,5.527696969841145
KRDU/train,smoothed,192,194,1038,4.176646485874244
KRDU/train,smoothed,194,196,1249,5.358039464902959
KRDU/train,smoothed,196,198,1969,9.435868181201386
KRDU/train,smoothed,198,200,2169,9.80640123426383
KRDU/train,smoothed,200,202,1433,6.4562674767867065
KRDU/train,smoothed,202,204,1079,4.771278312764025
KRDU/train,smoothed,204,206,2379,13.093503306515231
KRDU/train,smoothed,206,208,3607,22.618033761377774
KRDU/train,smoothed,208,210,2234,12.261615105911915
KRDU/train,smoothed,210,212,1994,10.731440484653376
KRDU/train,smoothed,212,214,1632,8.158118534219284
KRDU/train,smoothed,214,216,1731,8.812206387989136
KRDU/train,smoothed,216,218,2210,11.34065374972488
KRDU/train,smoothed,218,220,3322,15.97289752061397
KRDU/train,smoothed,220,222,5457,27.946564926154224
KRDU/train,smoothed,222,224,45790,212.77998480586848
KRDU/train,smoothed,224,226,505637,3019.979826424409
KRDU/train,smoothed,226,228,19135,99.01631589377575
KRDU/train,smoothed,228,230,9717,45.4817612583156
KRDU/train,smoothed,230,232,30264,106.71399787142582
KRDU/train,smoothed,232,234,4605,22.853858516658875
KRDU/train,smoothed,234,236,3797,19.03030667703024
KRDU/train,smoothed,236,238,3329,16.52193005956633
KRDU/train,smoothed,238,240,3166,16.062778173175502
KRDU/train,smoothed,240,242,2996,14.771221242208412
KRDU/train,smoothed,242,244,2946,14.506009514998368
KRDU/train,smoothed,244,246,2991,14.89923343348164
KRDU/train,smoothed,246,248,3423,17.57605591250558
KRDU/train,smoothed,248,250,4444,23.818567262166653
KRDU/train,smoothed,250,252,4399,24.246874299676165
KRDU/train,smoothed,252,254,3907,20.884362090852846
KRDU/train,smoothed,254,256,5089,29.691923891767146
KRDU/train,smoothed,256,258,4464,24.02587444859273
KRDU/train,smoothed,258,260,5308,28.55575185941325
KRDU/train,smoothed,260,262,5456,29.698690124127097
KRDU/train,smoothed,262,264,4245,22.023573073258376
KRDU/train,smoothed,264,266,3508,17.70286853691414
KRDU/train,smoothed,266,268,3026,14.926178034822442
KRDU/train,smoothed,268,270,3273,15.905023701809114
KRDU/train,smoothed,270,272,3085,15.265671623697926
KRDU/train,smoothed,272,274,3279,15.89938806369446
KRDU/train,smoothed,274,276,17543,65.21587787198314
KRDU/train,smoothed,276,278,4370,19.414719528321257
KRDU/train,smoothed,278,280,4799,23.479107931123508
KRDU/train,smoothed,280,282,6195,31.52649514132736
KRDU/train,smoothed,282,284,12343,50.62213711537788
KRDU/train,smoothed,284,286,2784,15.37611540672151
KRDU/train,smoothed,286,288,2301,12.48540956089073
KRDU/train,smoothed,288,290,3051,17.399777702918072
KRDU/train,smoothed,290,292,3903,23.176762646493444
KRDU/train,smoothed,292,294,3410,19.202375357211167
KRDU/train,smoothed,294,296,3331,18.922182519338094
KRDU/train,smoothed,296,298,3285,18.476987749310865
KRDU/train,smoothed,298,300,3252,18.324570685300387
KRDU/train,smoothed,300,302,2196,11.416674125308418
KRDU/train,smoothed,302,304,1839,8.602949924487802
KRDU/train,smoothed,304,306,1351,5.668245154543911
KRDU/train,smoothed,306,308,1344,5.215444561735239
KRDU/train,smoothed,308,310,1425,5.52706001430397
KRDU/train,smoothed,310,312,1567,6.04171811762717
KRDU/train,smoothed,312,314,2238,8.57574022965673
KRDU/train,smoothed,314,316,2995,10.996869003631218
KRDU/train,smoothed,316,318,3922,14.338096544982363
KRDU/train,smoothed,318,320,4471,16.671950772754826
KRDU/train,smoothed,320,322,5071,19.675037840654113
KRDU/train,smoothed,322,324,3707,13.290177850291911
KRDU/train,smoothed,324,326,2202,7.673775546062643
KRDU/train,smoothed,326,328,1608,5.642242432238163
KRDU/train,smoothed,328,330,1313,4.721795837355785
KRDU/train,smoothed,330,332,1306,4.666267860450716
KRDU/train,smoothed,332,334,1133,4.104059652631804
KRDU/train,smoothed,334,336,1073,3.9775931979211236
KRDU/train,smoothed,336,338,1114,4.413249650049693
KRDU/train,smoothed,338,340,1170,4.448734736091865
KRDU/train,smoothed,340,342,1084,3.9414606017498954
KRDU/train,smoothed,342,344,1044,3.8764319853216875
KRDU/train,smoothed,344,346,1101,4.17118905429561
KRDU/train,smoothed,346,348,1166,4.306168946025537
KRDU/train,smoothed,348,350,1174,4.323469174611091
KRDU/train,smoothed,350,352,1058,3.9952079063496058
KRDU/train,smoothed,352,354,1149,4.172791594489354
KRDU/train,smoothed,354,356,1092,3.9595092963918432
KRDU/train,smoothed,356,358,1104,4.115844120972724
KRDU/train,smoothed,358,360,1271,4.9815186089181225
KRDU/train,relative,0,2,306824,1834.071900426786
KRDU/train,relative,2,4,10727,57.34723814404265
KRDU/train,relative,4,6,5951,31.998796627622596
KRDU/train,relative,6,8,4433,23.85260214042023
KRDU/train,relative,8,10,3600,19.300341809632073
KRDU/train,relative,10,12,3124,16.759397440799148
KRDU/train,relative,12,14,2865,15.324708153066013
KRDU/train,relative,14,16,2748,14.305795838844688
KRDU/train,relative,16,18,2523,13.290240891254143
KRDU/train,relative,18,20,2727,14.165858163180701
KRDU/train,relative,20,22,2772,14.641997725896772
KRDU/train,relative,22,24,3460,19.41150991460472
KRDU/train,relative,24,26,4036,23.02032086238887
KRDU/train,relative,26,28,3937,22.030515576164817
KRDU/train,relative,28,30,4255,24.465680262283968
KRDU/train,relative,30,32,4931,28.576461224803097
KRDU/train,relative,32,34,4220,22.909193350844816
KRDU/train,relative,34,36,5514,30.826154585265613
KRDU/train,relative,36,38,4959,26.592141461955634
KRDU/train,relative,38,40,3539,18.808735104556035
KRDU/train,relative,40,42,2756,14.205355285323094
KRDU/train,relative,42,44,2465,12.967313816101068
KRDU/train,relative,44,46,2469,13.307526154233528
KRDU/train,relative,46,48,2283,12.029051351328235
KRDU/train,relative,48,50,2559,14.371375486044144
KRDU/train,relative,50,52,2141,11.218772355719466
KRDU/train,relative,52,54,2550,14.311510961727436
KRDU/train,relative,54,56,3635,21.559011774864302
KRDU/train,relative,56,58,3608,21.2720384095187
KRDU/train,relative,58,60,3016,17.17634742624341
KRDU/train,relative,60,62,2287,12.523503496169724
KRDU/train,relative,62,64,2654,14.793440167840345
KRDU/train,relative,64,66,3339,20.035128345037265
KRDU/train,relative,66,68,3606,21.31775342625042
KRDU/train,relative,68,70,3179,18.611918119432175
KRDU/train,relative,70,72,2818,16.098521532931954
KRDU/train,relative,72,74,3175,18.383537558004264
KRDU/train,relative,74,76,2255,12.470252288731444
KRDU/train,relative,76,78,1893,9.519751872586767
KRDU/train,relative,78,80,1291,5.753597472562433
KRDU/train,relative,80,82,1057,4.258544331248231
KRDU/train,relative,82,84,998,3.633545585205866
KRDU/train,relative,84,86,1080,3.972420564480217
KRDU/train,relative,86,88,1207,4.452570379347435
KRDU/train,relative,88,90,1591,6.044315214104699
KRDU/train,relative,90,92,1947,6.808232884219251
KRDU/train,relative,92,94,3164,10.946631960917784
KRDU/train,relative,94,96,5061,18.282699398462228
KRDU/train,relative,96,98,4346,15.176558939589086
KRDU/train,relative,98,100,2850,9.507385308488665
KRDU/train,relative,100,102,2373,7.938385113436198
KRDU/train,relative,102,104,2431,8.201249477319834
KRDU/train,relative,104,106,1328,4.555357172434924
KRDU/train,relative,106,108,1210,4.076664710109071
KRDU/train,relative,108,110,1030,3.478060087184076
KRDU/train,relative,110,112,1000,3.3983103605614815
KRDU/train,relative,112,114,974,3.4332433367831072
KRDU/train,relative,114,116,1179,4.428128522274164
KRDU/train,relative,116,118,926,3.2505063445341875
KRDU/train,relative,118,120,843,2.9814864838490394
KRDU/train,relative,120,122,890,2.981543406264791
KRDU/train,relative,122,124,926,3.128131449027933
KRDU/train,relative,124,126,934,3.448707176707103
KRDU/train,relative,126,128,924,3.1576364537013433
KRDU/train,relative,128,130,965,3.4065362944757
KRDU/train,relative,130,132,913,3.151330834095461
KRDU/train,relative,132,134,1083,4.014193775676631
KRDU/train,relative,134,136,1431,5.537574076336568
KRDU/train,relative,136,138,1007,3.530158122679495
KRDU/train,relative,138,140,942,3.2236315279383234
KRDU/train,relative,140,142,5772,19.11333147075584
KRDU/train,relative,142,144,5288,17.84595757448824
KRDU/train,relative,144,146,2129,7.3134045286369656
KRDU/train,relative,146,148,1637,5.5013722672401855
KRDU/train,relative,148,150,1319,4.3894677776220306
KRDU/train,relative,150,152,1300,4.331009386175992
KRDU/train,relative,152,154,1908,6.406733818521843
KRDU/train,relative,154,156,1630,5.441908511379552
KRDU/train,relative,156,158,1491,4.954229083173686
KRDU/train,relative,158,160,1610,5.264397865744741
KRDU/train,relative,160,162,1558,5.112364632236222
KRDU/train,relative,162,164,2091,7.176494360683591
KRDU/train,relative,164,166,1822,6.052301581340544
KRDU/train,relative,166,168,1670,5.572775997128701
KRDU/train,relative,168,170,1878,6.307178580949312
KRDU/train,relative,170,172,26963,88.2289009551746
KRDU/train,relative,172,174,4126,13.437699633482225
KRDU/train,relative,174,176,3754,12.189564218311261
KRDU/train,relative,176,178,7659,25.407528697302496
KRDU/train,relative,178,180,83639,275.78981896937967
KRDU/train,relative,180,182,60118,193.72408327052563
KRDU/train,relative,182,184,8164,26.56813032501441
KRDU/train,relative,184,186,22679,72.75767115951703
KRDU/train,relative,186,188,11609,37.35035347768053
KRDU/train,relative,188,190,3351,10.866360114041072
KRDU/train,relative,190,192,2832,9.451494947857555
KRDU/train,relative,192,194,3059,10.287069282675475
KRDU/train,relative,194,196,2435,8.144808840458609
KRDU/train,relative,196,198,2314,7.764974823260673
KRDU/train,relative,198,200,2531,8.426485408407643
KRDU/train,relative,200,202,2741,9.15321931156268
KRDU/train,relative,202,204,2739,9.327135011576502
KRDU/train,relative,204,206,2716,9.148039068847083
KRDU/train,relative,206,208,3232,11.001623219189241
KRDU/train,relative,208,210,5364,17.86813154688525
KRDU/train,relative,210,212,37071,121.48292535654991
KRDU/train,relative,212,214,3453,11.813775082157008
KRDU/train,relative,214,216,1471,5.358129643391749
KRDU/train,relative,216,218,971,3.4395288768341743
KRDU/train,relative,218,220,1111,3.927940243107969
KRDU/train,relative,220,222,1271,4.561489489508858
KRDU/train,relative,222,224,1335,4.94573595141992
KRDU/train,relative,224,226,1443,5.149757065339145
KRDU/train,relative,226,228,1418,4.987767037541289
KRDU/train,relative,228,230,3265,11.503715170178111
KRDU/train,relative,230,232,15479,53.71510384797557
KRDU/train,relative,232,234,2736,9.919950769084608
KRDU/train,relative,234,236,2671,9.741391316368208
KRDU/train,relative,236,238,10673,37.311951987499924
KRDU/train,relative,238,240,1083,4.005614246016648
KRDU/train,relative,240,242,744,2.909841742221033
KRDU/train,relative,242,244,692,2.6760545441788963
KRDU/train,relative,244,246,691,2.6297013842772685
KRDU/train,relative,246,248,692,2.5474970471336746
KRDU/train,relative,248,250,860,3.193012635564628
KRDU/train,relative,250,252,1078,4.474173121955573
KRDU/train,relative,252,254,1323,5.908435241882216
KRDU/train,relative,254,256,1230,5.238365796834387
KRDU/train,relative,256,258,743,2.847923229580374
KRDU/train,relative,258,260,957,3.7872453407239846
KRDU/train,relative,260,262,1305,5.587989102424217
KRDU/train,relative,262,264,1319,5.753215245294996
KRDU/train,relative,264,266,1605,7.066416161957022
KRDU/train,relative,266,268,1610,6.246364515214282
KRDU/train,relative,268,270,3091,12.259367246228067
KRDU/train,relative,270,272,3815,14.577251978635559
KRDU/train,relative,272,274,3578,13.974874245552655
KRDU/train,relative,274,276,2668,10.738093584522176
KRDU/train,relative,276,278,1953,7.785067636278654
KRDU/train,relative,278,280,1150,4.624619336615069
KRDU/train,relative,280,282,890,3.462529984399225
KRDU/train,relative,282,284,833,3.4203123298957507
KRDU/train,relative,284,286,740,3.0090849997432088
KRDU/train,relative,286,288,735,2.9910855226189597
KRDU/train,relative,288,290,760,3.037032086165709
KRDU/train,relative,290,292,911,3.952374502560815
KRDU/train,relative,292,294,770,3.2543670015920725
KRDU/train,relative,294,296,745,2.983036831416939
KRDU/train,relative,296,298,776,3.1026104859738552
KRDU/train,relative,298,300,892,3.702360433456306
KRDU/train,relative,300,302,886,3.7218712560070344
KRDU/train,relative,302,304,826,3.304028104599638
KRDU/train,relative,304,306,939,3.8267263459565584
KRDU/train,relative,306,308,825,3.259923127582624
KRDU/train,relative,308,310,895,3.5881742969486368
KRDU/train,relative,310,312,888,3.649113387658872
KRDU/train,relative,312,314,924,3.834203667818656
KRDU/train,relative,314,316,942,3.8010745917999884
KRDU/train,relative,316,318,1003,4.098632291666036
KRDU/train,relative,318,320,1022,4.32252533879273
KRDU/train,relative,320,322,1263,5.307740840332372
KRDU/train,relative,322,324,1297,5.533888641735757
KRDU/train,relative,324,326,1382,6.354588200354556
KRDU/train,relative,326,328,1522,6.713353400016786
KRDU/train,relative,328,330,1622,7.1274320032234755
KRDU/train,relative,330,332,2536,11.924652732906907
KRDU/train,relative,332,334,3425,16.546569547450417
KRDU/train,relative,334,336,3123,14.774259839351544
KRDU/train,relative,336,338,2372,11.176178193521991
KRDU/train,relative,338,340,2166,10.932220449793022
KRDU/train,relative,340,342,3861,23.719403363948913
KRDU/train,relative,342,344,3119,18.429877985930034
KRDU/train,relative,344,346,2488,13.89329053664369
KRDU/train,relative,346,348,2329,12.316600253655452
KRDU/train,relative,348,350,2402,12.726968265058531
KRDU/train,relative,350,352,3056,17.372365611735404
KRDU/train,relative,352,354,3205,16.732901285875414
KRDU/train,relative,354,356,4460,23.793801627592075
KRDU/train,relative,356,358,10728,59.406183433671686
KRDU/train,relative,358,360,380645,2346.5013159680257
KRDU/val,raw,0,2,216,0.7586450003044762
KRDU/val,raw,2,4,204,0.7184959435342881
KRDU/val,raw,4,6,246,0.8710570986527775
KRDU/val,raw,6,8,1460,5.10941793438601
KRDU/val,raw,8,10,478,1.9486908944792525
KRDU/val,raw,10,12,340,1.334323576510375
KRDU/val,raw,12,14,336,1.1883690988442037
KRDU/val,raw,14,16,463,1.8257026519004267
KRDU/val,raw,16,18,627,2.319738092613676
KRDU/val,raw,18,20,674,2.7525436651142066
KRDU/val,raw,20,22,530,2.2490263171932234
KRDU/val,raw,22,24,415,1.6437314169986266
KRDU/val,raw,24,26,368,1.4641022693584524
KRDU/val,raw,26,28,446,1.6057143530933722
KRDU/val,raw,28,30,345,1.2765730014906183
KRDU/val,raw,30,32,338,1.2747311912927088
KRDU/val,raw,32,34,335,1.2820785809595456
KRDU/val,raw,34,36,2033,7.3639380993116355
KRDU/val,raw,36,38,4122,14.360407764534699
KRDU/val,raw,38,40,734,2.823345552283911
KRDU/val,raw,40,42,1254,4.7095706002034845
KRDU/val,raw,42,44,3746,15.29104805282158
KRDU/val,raw,44,46,52413,273.1385415299269
KRDU/val,raw,46,48,2126,8.612764961669313
KRDU/val,raw,48,50,897,3.3005084637154596
KRDU/val,raw,50,52,653,2.378787661875208
KRDU/val,raw,52,54,459,1.6754910931404652
KRDU/val,raw,54,56,554,1.9359800608133924
KRDU/val,raw,56,58,511,1.8028888760969721
KRDU/val,raw,58,60,449,1.5941956754475655
KRDU/val,raw,60,62,505,1.6941062795157222
KRDU/val,raw,62,64,396,1.3780777148356833
KRDU/val,raw,64,66,483,1.744440037244317
KRDU/val,raw,66,68,509,1.7260054326501404
KRDU/val,raw,68,70,423,1.4456677855878297
KRDU/val,raw,70,72,471,1.6045003312137283
KRDU/val,raw,72,74,601,2.064416997488024
KRDU/val,raw,74,76,7178,23.53090722335662
KRDU/val,raw,76,78,1540,5.236072131645585
KRDU/val,raw,78,80,390,1.5293726243913852
KRDU/val,raw,80,82,294,1.049076402458752
KRDU/val,raw,82,84,233,1.0577897761732515
KRDU/val,raw,84,86,137,0.5151349511914418
KRDU/val,raw,86,88,126,0.46562735638741515
KRDU/val,raw,88,90,101,0.3631950338125307
KRDU/val,raw,90,92,99,0.34669024892190237
KRDU/val,raw,92,94,114,0.3987692802251104
KRDU/val,raw,94,96,129,0.4587314073867219
KRDU/val,raw,96,98,315,1.3114688577049947
KRDU/val,raw,98,100,197,0.7652188215664069
KRDU/val,raw,100,102,161,0.7726630114901241
KRDU/val,raw,102,104,91,0.33197669939949037
KRDU/val,raw,104,106,167,0.6840471339982628
KRDU/val,raw,106,108,161,0.609252063313761
KRDU/val,raw,108,110,86,0.30833208069935836
KRDU/val,raw,110,112,89,0.3223189409412157
KRDU/val,raw,112,114,131,0.5445489758117219
KRDU/val,raw,114,116,98,0.35843479550885604
KRDU/val,raw,116,118,126,0.5482303166374436
KRDU/val,raw,118,120,167,0.7067032352665024
KRDU/val,raw,120,122,126,0.501141445565338
KRDU/val,raw,122,124,126,0.5307411162376638
KRDU/val,raw,124,126,167,0.7849015966494335
KRDU/val,raw,126,128,247,1.2586956065974846
KRDU/val,raw,128,130,123,0.49769249680821304
KRDU/val,raw,130,132,143,0.5240616083249279
KRDU/val,raw,132,134,282,1.1959205118171212
KRDU/val,raw,134,136,230,0.8840608847734188
KRDU/val,raw,136,138,350,1.4267646911097813
KRDU/val,raw,138,140,469,1.7111128496605943
KRDU/val,raw,140,142,477,1.74118667599123
KRDU/val,raw,142,144,261,0.8973335884427343
KRDU/val,raw,144,146,200,0.6795259867100754
KRDU/val,raw,146,148,323,1.1389993375489667
KRDU/val,raw,148,150,281,0.9911466922901013
KRDU/val,raw,150,152,183,0.6739550601529913
KRDU/val,raw,152,154,111,0.40433475115287365
KRDU/val,raw,154,156,112,0.430944886004454
KRDU/val,raw,156,158,113,0.43280532684144646
KRDU/val,raw,158,160,118,0.47526341829620833
KRDU/val,raw,160,162,105,0.43113304547659936
KRDU/val,raw,162,164,103,0.42136108641972214
KRDU/val,raw,164,166,116,0.4661968770364524
KRDU/val,raw,166,168,129,0.525894257349421
KRDU/val,raw,168,170,151,0.7055166499532106
KRDU/val,raw,170,172,252,1.1271391572189486
KRDU/val,raw,172,174,112,0.47566123309911745
KRDU/val,raw,174,176,118,0.4831408859770363
KRDU/val,raw,176,178,142,0.5926853068451123
KRDU/val,raw,178,180,118,0.45220943148825654
KRDU/val,raw,180,182,183,0.7557208826777924
KRDU/val,raw,182,184,126,0.47652782798758153
KRDU/val,raw,184,186,289,1.275367292603221
KRDU/val,raw,186,188,321,1.4924956466560388
KRDU/val,raw,188,190,233,0.9281885135424659
KRDU/val,raw,190,192,297,1.0957082737010637
KRDU/val,raw,192,194,148,0.5520170933107806
KRDU/val,raw,194,196,207,0.8199594506600647
KRDU/val,raw,196,198,276,1.2700515005220723
KRDU/val,raw,198,200,443,2.1064851534684976
KRDU/val,raw,200,202,360,1.3515614402229517
KRDU/val,raw,202,204,172,0.7919163994110363
KRDU/val,raw,204,206,331,2.0075369224103383
KRDU/val,raw,206,208,546,3.220659028863736
KRDU/val,raw,208,210,426,2.331064475618632
KRDU/val,raw,210,212,291,1.6427219922549057
KRDU/val,raw,212,214,268,1.3286834902966689
KRDU/val,raw,214,216,341,1.8940932522281173
KRDU/val,raw,216,218,347,1.8230465889830043
KRDU/val,raw,218,220,538,2.978040839069365
KRDU/val,raw,220,222,1134,6.046832419906025
KRDU/val,raw,222,224,10554,47.24777566881238
KRDU/val,raw,224,226,103362,621.574390543947
KRDU/val,raw,226,228,3834,20.16975877088089
KRDU/val,raw,228,230,1957,9.306903396038706
KRDU/val,raw,230,232,5943,21.090879370507764
KRDU/val,raw,232,234,888,4.501658422093897
KRDU/val,raw,234,236,704,3.615110452823046
KRDU/val,raw,236,238,632,3.208593986888445
KRDU/val,raw,238,240,642,3.2971793372530556
KRDU/val,raw,240,242,652,3.310153451591077
KRDU/val,raw,242,244,656,3.404344291037887
KRDU/val,raw,244,246,612,3.1630721185256334
KRDU/val,raw,246,248,701,3.7758665699413996
KRDU/val,raw,248,250,1008,5.629635494762624
KRDU/val,raw,250,252,1095,6.295066914686004
KRDU/val,raw,252,254,769,4.1782422898543246
KRDU/val,raw,254,256,1092,6.343374928809681
KRDU/val,raw,256,258,890,4.913860853369897
KRDU/val,raw,258,260,1023,5.730012525684515
KRDU/val,raw,260,262,1233,6.797399327791709
KRDU/val,raw,262,264,995,5.380432260290945
KRDU/val,raw,264,266,751,3.8656440801992176
KRDU/val,raw,266,268,587,2.891106386292904
KRDU/val,raw,268,270,585,2.904491212518451
KRDU/val,raw,270,272,591,2.9893225470948437
KRDU/val,raw,272,274,684,3.2728540752088975
KRDU/val,raw,274,276,4083,15.455699427968739
KRDU/val,raw,276,278,1050,5.02902615883886
KRDU/val,raw,278,280,902,4.450261393011942
KRDU/val,raw,280,282,1466,7.728208599207164
KRDU/val,raw,282,284,2790,11.499220834128437
KRDU/val,raw,284,286,614,3.378684080426865
KRDU/val,raw,286,288,444,2.39468422123673
KRDU/val,raw,288,290,469,2.614579063606243
KRDU/val,raw,290,292,532,3.055330227090508
KRDU/val,raw,292,294,640,3.6355176498027504
KRDU/val,raw,294,296,877,5.094661026560971
KRDU/val,raw,296,298,669,3.6979953430391106
KRDU/val,raw,298,300,648,3.6036134792836947
KRDU/val,raw,300,302,393,1.9000045277259687
KRDU/val,raw,302,304,318,1.3678279590892544
KRDU/val,raw,304,306,242,0.9476946441216114
KRDU/val,raw,306,308,243,0.9058521198207927
KRDU/val,raw,308,310,287,1.1504858458397393
KRDU/val,raw,310,312,306,1.1218842753471563
KRDU/val,raw,312,314,393,1.3584032252040288
KRDU/val,raw,314,316,720,2.771468359388109
KRDU/val,raw,316,318,784,2.6882567848758754
KRDU/val,raw,318,320,825,2.884104962205811
KRDU/val,raw,320,322,999,3.4506076009433855
KRDU/val,raw,322,324,757,2.6936290630351323
KRDU/val,raw,324,326,439,1.519957228589874
KRDU/val,raw,326,328,355,1.2608240577956167
KRDU/val,raw,328,330,273,0.9550869938154847
KRDU/val,raw,330,332,244,0.9315947688405686
KRDU/val,raw,332,334,222,0.775947220271064
KRDU/val,raw,334,336,193,0.6822822564238322
KRDU/val,raw,336,338,200,0.6893133412322641
KRDU/val,raw,338,340,177,0.6213840725970385
KRDU/val,raw,340,342,208,0.7258323128935444
KRDU/val,raw,342,344,167,0.5924798082021425
KRDU/val,raw,344,346,177,0.6340561733545655
KRDU/val,raw,346,348,188,0.661579002481858
KRDU/val,raw,348,350,179,0.6295081945468155
KRDU/val,raw,350,352,186,0.6797586621789833
KRDU/val,raw,352,354,238,0.8635099743537467
KRDU/val,raw,354,356,170,0.6083493247383558
KRDU/val,raw,356,358,225,0.7991704256514822
KRDU/val,raw,358,360,280,1.1021456617390868
KRDU/val,smoothed,0,2,193,0.6826460248699888
KRDU/val,smoothed,2,4,239,0.8514950650877884
KRDU/val,smoothed,4,6,235,0.8218310425011239
KRDU/val,smoothed,6,8,1440,5.043309722227062
KRDU/val,smoothed,8,10,498,2.0251854129669002
KRDU/val,smoothed,10,12,340,1.3301604769257835
KRDU/val,smoothed,12,14,332,1.191295151852474
KRDU/val,smoothed,14,16,468,1.825297838002756
KRDU/val,smoothed,16,18,610,2.263963752800512
KRDU/val,smoothed,18,20,673,2.7472881065837917
KRDU/val,smoothed,20,22,541,2.312358557896239
KRDU/val,smoothed,22,24,419,1.6655957868386935
KRDU/val,smoothed,24,26,383,1.5182905228896963
KRDU/val,smoothed,26,28,445,1.6087368477090465
KRDU/val,smoothed,28,30,351,1.3037164185442442
KRDU/val,smoothed,30,32,341,1.2800171711941957
KRDU/val,smoothed,32,34,338,1.3084741411370153
KRDU/val,smoothed,34,36,2019,7.320441843663623
KRDU/val,smoothed,36,38,4236,14.764762817805895
KRDU/val,smoothed,38,40,747,2.861707658939409
KRDU/val,smoothed,40,42,1244,4.685948287492941
KRDU/val,smoothed,42,44,3676,14.936022399842429
KRDU/val,smoothed,44,46,52285,272.72823505753405
KRDU/val,smoothed,46,48,2095,8.4433385439512
KRDU/val,smoothed,48,50,887,3.2482237647179772
KRDU/val,smoothed,50,52,688,2.509976965694534
KRDU/val,smoothed,52,54,469,1.6921221909138922
KRDU/val,smoothed,54,56,540,1.9045749828771932
KRDU/val,smoothed,56,58,531,1.8651555019386592
KRDU/val,smoothed,58,60,453,1.6064290152623926
KRDU/val,smoothed,60,62,518,1.7547647164673208
KRDU/val,smoothed,62,64,403,1.3842854616817135
KRDU/val,smoothed,64,66,479,1.7363906642339089
KRDU/val,smoothed,66,68,533,1.8103200636700194
KRDU/val,smoothed,68,70,424,1.4442811872997368
KRDU/val,smoothed,70,72,492,1.6887247556543912
KRDU/val,smoothed,72,74,629,2.174568468724658
KRDU/val,smoothed,74,76,7154,23.44435832102414
KRDU/val,smoothed,76,78,1495,5.0890433298473
KRDU/val,smoothed,78,80,377,1.479523788554502
KRDU/val,smoothed,80,82,295,1.0578061484767431
KRDU/val,smoothed,82,84,220,1.008146601152987
KRDU/val,smoothed,84,86,149,0.5634457832777002
KRDU/val,smoothed,86,88,110,0.40697114395379685
KRDU/val,smoothed,88,90,110,0.3937312379434843
KRDU/val,smoothed,90,92,108,0.385237972232801
KRDU/val,smoothed,92,94,104,0.35576475307277633
KRDU/val,smoothed,94,96,136,0.4870526887125948
KRDU/val,smoothed,96,98,307,1.293830045096115
KRDU/val,smoothed,98,100,202,0.7833338012790136
KRDU/val,smoothed,100,102,157,0.7622514186235776
KRDU/val,smoothed,102,104,101,0.36051696515431786
KRDU/val,smoothed,104,106,173,0.7162142566020862
KRDU/val,smoothed,106,108,154,0.5778191226957006
KRDU/val,smoothed,108,110,94,0.336069264058267
KRDU/val,smoothed,110,112,74,0.2766293879926707
KRDU/val,smoothed,112,114,142,0.5778861364107115
KRDU/val,smoothed,114,116,95,0.3485203528555303
KRDU/val,smoothed,116,118,135,0.593974466705447
KRDU/val,smoothed,118,120,163,0.6719307383986575
KRDU/val,smoothed,120,122,126,0.5194742225880873
KRDU/val,smoothed,122,124,123,0.5089393095849459
KRDU/val,smoothed,124,126,187,0.864248564900322
KRDU/val,smoothed,126,128,234,1.205237871739655
KRDU/val,smoothed,128,130,133,0.5370720468516197
KRDU/val,smoothed,130,132,159,0.5916757444230143
KRDU/val,smoothed,132,134,274,1.1706964426670083
KRDU/val,smoothed,134,136,235,0.9034154636693188
KRDU/val,smoothed,136,138,346,1.3991187432611127
KRDU/val,smoothed,138,140,457,1.6837621320952962
KRDU/val,smoothed,140,142,455,1.6654117398503558
KRDU/val,smoothed,142,144,265,0.908825263504184
KRDU/val,smoothed,144,146,203,0.7073983662331784
KRDU/val,smoothed,146,148,323,1.1234634615896084
KRDU/val,smoothed,148,150,275,0.9831360249096974
KRDU/val,smoothed,150,152,202,0.7317831739107987
KRDU/val,smoothed,152,154,94,0.3451967644539877
KRDU/val,smoothed,154,156,146,0.574234214669957
KRDU/val,smoothed,156,158,95,0.34314116509051473
KRDU/val,smoothed,158,160,120,0.4851351716914678
KRDU/val,smoothed,160,162,97,0.3967632536089809
KRDU/val,smoothed,162,164,128,0.5192094212897587
KRDU/val,smoothed,164,166,85,0.3488027751370737
KRDU/val,smoothed,166,168,155,0.6321185221030419
KRDU/val,smoothed,168,170,142,0.6528029717316031
KRDU/val,smoothed,170,172,252,1.144072505828376
KRDU/val,smoothed,172,174,118,0.49322542231510624
KRDU/val,smoothed,174,176,123,0.5035762342978387
KRDU/val,smoothed,176,178,139,0.5891248337366619
KRDU/val,smoothed,178,180,122,0.47287808872005144
KRDU/val,smoothed,180,182,184,0.7451007259966218
KRDU/val,smoothed,182,184,116,0.4501722513680875
KRDU/val,smoothed,184,186,301,1.3009556439820358
KRDU/val,smoothed,186,188,305,1.4405957985069904
KRDU/val,smoothed,188,190,233,0.9346800038600804
KRDU/val,smoothed,190,192,306,1.1430653305549754
KRDU/val,smoothed,192,194,147,0.5408014980937423
KRDU/val,smoothed,194,196,213,0.8486969069660972
KRDU/val,smoothed,196,198,275,1.2621622940707198
KRDU/val,smoothed,198,200,436,2.091012283906082
KRDU/val,smoothed,200,202,362,1.3539700425038745
KRDU/val,smoothed,202,204,174,0.8017464257193865
KRDU/val,smoothed,204,206,338,2.052186201101904
KRDU/val,smoothed,206,208,565,3.3074533579371064
KRDU/val,smoothed,208,210,411,2.2760052429797497
KRDU/val,smoothed,210,212,320,1.7783680294620012
KRDU/val,smoothed,212,214,266,1.3197543488409451
KRDU/val,smoothed,214,216,329,1.8620186767959694
KRDU/val,smoothed,216,218,376,1.9210887108393422
KRDU/val,smoothed,218,220,528,2.916750765688107
KRDU/val,smoothed,220,222,1126,6.016791070800878
KRDU/val,smoothed,222,224,10171,45.09911507705834
KRDU/val,smoothed,224,226,103348,621.6785992285065
KRDU/val,smoothed,226,228,3792,19.886021197987702
KRDU/val,smoothed,228,230,1926,9.080928572775747
KRDU/val,smoothed,230,232,6041,21.521398723584298
KRDU/val,smoothed,232,234,907,4.600542005160378
KRDU/val,smoothed,234,236,729,3.7096371210568577
KRDU/val,smoothed,236,238,612,3.165266228053042
KRDU/val,smoothed,238,240,680,3.424824399675117
KRDU/val,smoothed,240,242,636,3.26499127307261
KRDU/val,smoothed,242,244,670,3.4809264465880005
KRDU/val,smoothed,244,246,617,3.20197898550623
KRDU/val,smoothed,246,248,746,3.950711228020964
KRDU/val,smoothed,248,250,985,5.584942465166478
KRDU/val,smoothed,250,252,1128,6.5158963797700835
KRDU/val,smoothed,252,254,783,4.242350087553859
KRDU/val,smoothed,254,256,1120,6.550076649029506
KRDU/val,smoothed,256,258,875,4.800525544890888
KRDU/val,smoothed,258,260,1035,5.814871661199049
KRDU/val,smoothed,260,262,1249,6.850026801647573
KRDU/val,smoothed,262,264,990,5.402550251494631
KRDU/val,smoothed,264,266,731,3.7809730724995916
KRDU/val,smoothed,266,268,601,2.960232497162451
KRDU/val,smoothed,268,270,601,2.9863532264791957
KRDU/val,smoothed,270,272,616,3.0740496960770543
KRDU/val,smoothed,272,274,691,3.321137751896231
KRDU/val,smoothed,274,276,4025,15.2695338810056
KRDU/val,smoothed,276,278,1094,5.230906810156284
KRDU/val,smoothed,278,280,922,4.528343894754016
KRDU/val,smoothed,280,282,1512,7.925393565288459
KRDU/val,smoothed,282,284,2802,11.52529549852079
KRDU/val,smoothed,284,286,646,3.528177267733554
KRDU/val,smoothed,286,288,422,2.323280990314288
KRDU/val,smoothed,288,290,501,2.7655858651692142
KRDU/val,smoothed,290,292,544,3.1117940989693125
KRDU/val,smoothed,292,294,620,3.5646520330390103
KRDU/val,smoothed,294,296,902,5.191632366499334
KRDU/val,smoothed,296,298,642,3.6384419285429885
KRDU/val,smoothed,298,300,703,3.8034257083531884
KRDU/val,smoothed,300,302,367,1.8104382183275902
KRDU/val,smoothed,302,304,338,1.4423240883977542
KRDU/val,smoothed,304,306,246,0.9615225567408743
KRDU/val,smoothed,306,308,233,0.8656743686128721
KRDU/val,smoothed,308,310,298,1.1945057175146303
KRDU/val,smoothed,310,312,309,1.134611983125751
KRDU/val,smoothed,312,314,420,1.4504179880807442
KRDU/val,smoothed,314,316,681,2.639924578883438
KRDU/val,smoothed,316,318,773,2.652051922125338
KRDU/val,smoothed,318,320,817,2.849490904920458
KRDU/val,smoothed,320,322,973,3.383027654401758
KRDU/val,smoothed,322,324,739,2.626059786274027
KRDU/val,smoothed,324,326,455,1.589545454852896
KRDU/val,smoothed,326,328,348,1.2199239546953322
KRDU/val,smoothed,328,330,279,0.9997005156490104
KRDU/val,smoothed,330,332,269,0.9965487427409698
KRDU/val,smoothed,332,334,202,0.7168679210540176
KRDU/val,smoothed,334,336,212,0.7385526778550684
KRDU/val,smoothed,336,338,190,0.6709044090189309
KRDU/val,smoothed,338,340,212,0.7262272739071705
KRDU/val,smoothed,340,342,171,0.61311528388228
KRDU/val,smoothed,342,344,211,0.744105779926258
KRDU/val,smoothed,344,346,162,0.5673402581758182
KRDU/val,smoothed,346,348,185,0.655048997610038
KRDU/val,smoothed,348,350,173,0.6178771858296841
KRDU/val,smoothed,350,352,209,0.7436239804214893
KRDU/val,smoothed,352,354,207,0.7612627719622651
KRDU/val,smoothed,354,356,200,0.7127858052799638
KRDU/val,smoothed,356,358,214,0.7780193659252745
KRDU/val,smoothed,358,360,286,1.1057997346420052
KRDU/val,relative,0,2,63409,381.5083961710348
KRDU/val,relative,2,4,2261,12.046327151955666
KRDU/val,relative,4,6,1255,6.821825600272348
KRDU/val,relative,6,8,926,5.083026043398149
KRDU/val,relative,8,10,728,3.9184989603113536
KRDU/val,relative,10,12,631,3.4421645316072045
KRDU/val,relative,12,14,593,3.1346861009735676
KRDU/val,relative,14,16,605,3.229127542977494
KRDU/val,relative,16,18,610,3.305115742520627
KRDU/val,relative,18,20,596,3.2493264575509215
KRDU/val,relative,20,22,640,3.5634459254823696
KRDU/val,relative,22,24,806,4.705682184693956
KRDU/val,relative,24,26,1051,6.249943933625616
KRDU/val,relative,26,28,891,5.079282171332977
KRDU/val,relative,28,30,921,5.34440493499369
KRDU/val,relative,30,32,1051,6.179577438893318
KRDU/val,relative,32,34,928,4.884577315087654
KRDU/val,relative,34,36,1296,7.294804198390068
KRDU/val,relative,36,38,1068,5.894262511492286
KRDU/val,relative,38,40,882,4.929358004570474
KRDU/val,relative,40,42,601,3.1068414472293284
KRDU/val,relative,42,44,479,2.495111795726018
KRDU/val,relative,44,46,471,2.5143817761752416
KRDU/val,relative,46,48,474,2.6001724698397197
KRDU/val,relative,48,50,603,3.52984717094688
KRDU/val,relative,50,52,579,3.320074776621823
KRDU/val,relative,52,54,586,3.2669201803314536
KRDU/val,relative,54,56,806,4.945833410875537
KRDU/val,relative,56,58,950,5.929079410874635
KRDU/val,relative,58,60,634,3.5982107219788304
KRDU/val,relative,60,62,528,3.00695019109628
KRDU/val,relative,62,64,340,1.7491607708743686
KRDU/val,relative,64,66,517,2.9900293550031165
KRDU/val,relative,66,68,569,3.3459246906215867
KRDU/val,relative,68,70,700,4.061893031210843
KRDU/val,relative,70,72,805,4.696756968553814
KRDU/val,relative,72,74,699,3.923998606016312
KRDU/val,relative,74,76,430,2.2292609215661514
KRDU/val,relative,76,78,292,1.2965873055774182
KRDU/val,relative,78,80,245,0.9710148282308637
KRDU/val,relative,80,82,185,0.7294322934234287
KRDU/val,relative,82,84,251,1.027791979586823
KRDU/val,relative,84,86,187,0.6475454003390269
KRDU/val,relative,86,88,276,1.0127595046586748
KRDU/val,relative,88,90,286,1.01807460361033
KRDU/val,relative,90,92,360,1.2871533925122094
KRDU/val,relative,92,94,499,1.6477594795451296
KRDU/val,relative,94,96,827,2.77109640766912
KRDU/val,relative,96,98,820,2.7834463541710193
KRDU/val,relative,98,100,468,1.5288561833273207
KRDU/val,relative,100,102,476,1.5662018689913566
KRDU/val,relative,102,104,490,1.6283364017474469
KRDU/val,relative,104,106,300,1.0315692017554738
KRDU/val,relative,106,108,214,0.7435656092568479
KRDU/val,relative,108,110,183,0.6069809192624689
KRDU/val,relative,110,112,186,0.6443558966286673
KRDU/val,relative,112,114,183,0.6099315893873154
KRDU/val,relative,114,116,157,0.5185379559258081
KRDU/val,relative,116,118,188,0.663145576160332
KRDU/val,relative,118,120,135,0.4496543580538628
KRDU/val,relative,120,122,158,0.524487521523497
KRDU/val,relative,122,124,155,0.5138362183486151
KRDU/val,relative,124,126,168,0.5909637098296798
KRDU/val,relative,126,128,245,0.9364228828512751
KRDU/val,relative,128,130,143,0.4739572972382575
KRDU/val,relative,130,132,210,0.7825350528732997
KRDU/val,relative,132,134,196,0.7215314347117783
KRDU/val,relative,134,136,280,1.0732770937049736
KRDU/val,relative,136,138,146,0.48784312145369313
KRDU/val,relative,138,140,175,0.5740140741102095
KRDU/val,relative,140,142,918,3.27185987876328
KRDU/val,relative,142,144,883,3.038845619292033
KRDU/val,relative,144,146,434,1.4816216134023534
KRDU/val,relative,146,148,294,0.9531986896233775
KRDU/val,relative,148,150,282,0.9442939710086193
KRDU/val,relative,150,152,275,0.9287734618015975
KRDU/val,relative,152,154,477,1.667021131587262
KRDU/val,relative,154,156,417,1.330677537096335
KRDU/val,relative,156,158,234,0.7591268705243692
KRDU/val,relative,158,160,209,0.6819912079884034
KRDU/val,relative,160,162,190,0.6288099494537391
KRDU/val,relative,162,164,390,1.2856685077713337
KRDU/val,relative,164,166,214,0.7097387060956635
KRDU/val,relative,166,168,242,0.7987033021387333
KRDU/val,relative,168,170,286,0.9511697877204597
KRDU/val,relative,170,172,5163,17.005112259139082
KRDU/val,relative,172,174,671,2.2172117065601924
KRDU/val,relative,174,176,592,1.955563019295255
KRDU/val,relative,176,178,1830,6.207708245109757
KRDU/val,relative,178,180,18044,59.42378650981402
KRDU/val,relative,180,182,11429,37.02153578102195
KRDU/val,relative,182,184,1469,4.775668287656572
KRDU/val,relative,184,186,4052,12.98652295151976
KRDU/val,relative,186,188,2578,8.339938198786285
KRDU/val,relative,188,190,520,1.729385006797088
KRDU/val,relative,190,192,668,2.2350244656771565
KRDU/val,relative,192,194,535,1.8229949535052583
KRDU/val,relative,194,196,488,1.6120073306601626
KRDU/val,relative,196,198,540,1.7820015920078731
KRDU/val,relative,198,200,444,1.477284878331261
KRDU/val,relative,200,202,620,2.0389079362288385
KRDU/val,relative,202,204,488,1.6088753781009473
KRDU/val,relative,204,206,548,1.843744419699533
KRDU/val,relative,206,208,540,1.7957646092590949
KRDU/val,relative,208,210,1050,3.4770295330973795
KRDU/val,relative,210,212,7597,24.801406891545867
KRDU/val,relative,212,214,503,1.6836847044085061
KRDU/val,relative,214,216,307,1.133235030146011
KRDU/val,relative,216,218,283,1.0962618792497096
KRDU/val,relative,218,220,174,0.6039939948821029
KRDU/val,relative,220,222,198,0.6832441765790236
KRDU/val,relative,222,224,206,0.7127887646114459
KRDU/val,relative,224,226,223,0.7707625967743752
KRDU/val,relative,226,228,267,0.9189254420863335
KRDU/val,relative,228,230,613,2.0968175033259513
KRDU/val,relative,230,232,3511,12.154455706089152
KRDU/val,relative,232,234,682,2.561124797847583
KRDU/val,relative,234,236,492,1.7266663095472268
KRDU/val,relative,236,238,2454,8.360750909198032
KRDU/val,relative,238,240,141,0.5170039265699415
KRDU/val,relative,240,242,288,1.25812184967117
KRDU/val,relative,242,244,120,0.429865120327122
KRDU/val,relative,244,246,131,0.5099319132132223
KRDU/val,relative,246,248,136,0.5578540483237475
KRDU/val,relative,248,250,140,0.54240447436257
KRDU/val,relative,250,252,122,0.4542532070595371
KRDU/val,relative,252,254,200,0.887441719879007
KRDU/val,relative,254,256,193,0.8144210371170857
KRDU/val,relative,256,258,145,0.6037679883257852
KRDU/val,relative,258,260,235,1.0765749513434457
KRDU/val,relative,260,262,266,1.2901689324316976
KRDU/val,relative,262,264,232,0.9974448026385971
KRDU/val,relative,264,266,206,0.7921441909122677
KRDU/val,relative,266,268,340,1.394869196221066
KRDU/val,relative,268,270,521,2.043124925053803
KRDU/val,relative,270,272,661,2.5034171597491195
KRDU/val,relative,272,274,723,2.714560468079526
KRDU/val,relative,274,276,516,2.001744499359802
KRDU/val,relative,276,278,513,1.9010512730902747
KRDU/val,relative,278,280,260,1.0061797037194538
KRDU/val,relative,280,282,158,0.6346666966296652
KRDU/val,relative,282,284,183,0.7393280531064192
KRDU/val,relative,284,286,150,0.6141898126630849
KRDU/val,relative,286,288,145,0.5766829817845291
KRDU/val,relative,288,290,143,0.5544302805768666
KRDU/val,relative,290,292,127,0.5054281022300984
KRDU/val,relative,292,294,129,0.5217020936853487
KRDU/val,relative,294,296,131,0.5362593362718826
KRDU/val,relative,296,298,123,0.5100801715747139
KRDU/val,relative,298,300,166,0.6778957087292383
KRDU/val,relative,300,302,123,0.5132655906776336
KRDU/val,relative,302,304,180,0.819065052454448
KRDU/val,relative,304,306,157,0.6806468586089522
KRDU/val,relative,306,308,209,0.9602264250696635
KRDU/val,relative,308,310,168,0.6634845309532693
KRDU/val,relative,310,312,139,0.5724159639054278
KRDU/val,relative,312,314,179,0.7264773457030742
KRDU/val,relative,314,316,159,0.6298924920052968
KRDU/val,relative,316,318,159,0.6233623272474915
KRDU/val,relative,318,320,209,0.8159529318987779
KRDU/val,relative,320,322,299,1.3990909640906466
KRDU/val,relative,322,324,349,1.6076289909098023
KRDU/val,relative,324,326,255,1.2305031729997609
KRDU/val,relative,326,328,249,1.133144514051537
KRDU/val,relative,328,330,280,1.111560257176393
KRDU/val,relative,330,332,481,2.173784909575261
KRDU/val,relative,332,334,622,2.835361765896664
KRDU/val,relative,334,336,584,2.814211665530138
KRDU/val,relative,336,338,500,2.428939148141012
KRDU/val,relative,338,340,390,1.9713832241619684
KRDU/val,relative,340,342,613,3.58518300920025
KRDU/val,relative,342,344,627,3.4082120618638783
KRDU/val,relative,344,346,439,2.341956549424367
KRDU/val,relative,346,348,363,1.886716351374048
KRDU/val,relative,348,350,413,2.216988509764633
KRDU/val,relative,350,352,633,3.712698530112334
KRDU/val,relative,352,354,636,3.5826238338008807
KRDU/val,relative,354,356,929,5.016987936837381
KRDU/val,relative,356,358,2028,11.272610572989834
KRDU/val,relative,358,360,77924,483.96998375308385
KSJC/train,raw,0,2,754,3.318296226273598
KSJC/train,raw,2,4,1053,4.638246503622807
KSJC/train,raw,4,6,6064,29.970726315373163
KSJC/train,raw,6,8,1204,5.591808079159648
KSJC/train,raw,8,10,1040,4.818734450565856
KSJC/train,raw,10,12,1081,5.028358236941941
KSJC/train,raw,12,14,1019,4.774434491698784
KSJC/train,raw,14,16,1193,5.605360036690705
KSJC/train,raw,16,18,1265,5.8750782323492885
KSJC/train,raw,18,20,959,4.396252487839234
KSJC/train,raw,20,22,1020,4.6744791883623975
KSJC/train,raw,22,24,1152,5.290856547914231
KSJC/train,raw,24,26,6838,32.376203246244046
KSJC/train,raw,26,28,27548,129.09889345558008
KSJC/train,raw,28,30,1781,8.349138782426053
KSJC/train,raw,30,32,1292,6.02953363185884
KSJC/train,raw,32,34,1280,5.898860350935763
KSJC/train,raw,34,36,1334,6.088623075795624
KSJC/train,raw,36,38,1327,6.0702557367134204
KSJC/train,raw,38,40,1125,5.067624995842834
KSJC/train,raw,40,42,962,4.334786479179513
KSJC/train,raw,42,44,1008,4.618983013427851
KSJC/train,raw,44,46,1018,4.69201911795102
KSJC/train,raw,46,48,1047,4.8205802881191175
KSJC/train,raw,48,50,910,4.1682500113511765
KSJC/train,raw,50,52,825,3.7990789801773985
KSJC/train,raw,52,54,821,3.780664682400584
KSJC/train,raw,54,56,813,3.7442433697846695
KSJC/train,raw,56,58,839,3.8573360298981356
KSJC/train,raw,58,60,878,4.026131661532531
KSJC/train,raw,60,62,827,3.82939354643122
KSJC/train,raw,62,64,819,3.8246927432492157
KSJC/train,raw,64,66,850,3.9716875976679944
KSJC/train,raw,66,68,856,3.9659205987447876
KSJC/train,raw,68,70,810,3.735034956329514
KSJC/train,raw,70,72,803,3.719294183666534
KSJC/train,raw,72,74,867,3.984928214443414
KSJC/train,raw,74,76,872,3.945049484012941
KSJC/train,raw,76,78,913,4.217218129471519
KSJC/train,raw,78,80,887,4.1123422715420475
KSJC/train,raw,80,82,837,3.8819501604977518
KSJC/train,raw,82,84,816,3.788585883115843
KSJC/train,raw,84,86,908,4.099433295485028
KSJC/train,raw,86,88,937,4.305941421747264
KSJC/train,raw,88,90,911,4.160154658128647
KSJC/train,raw,90,92,905,4.238297173731041
KSJC/train,raw,92,94,906,4.210450775676634
KSJC/train,raw,94,96,951,4.4406576275728185
KSJC/train,raw,96,98,898,4.169817584784482
KSJC/train,raw,98,100,909,4.335256645314246
KSJC/train,raw,100,102,1034,5.063907895225839
KSJC/train,raw,102,104,1159,5.600654147489706
KSJC/train,raw,104,106,1387,7.036564341709948
KSJC/train,raw,106,108,1445,6.887790283412528
KSJC/train,raw,108,110,1120,5.509372672295399
KSJC/train,raw,110,112,1062,5.225835176241105
KSJC/train,raw,112,114,1084,5.3960880292306115
KSJC/train,raw,114,116,1390,6.385741924293654
KSJC/train,raw,116,118,1572,6.907521335038666
KSJC/train,raw,118,120,11451,48.32019192605799
KSJC/train,raw,120,122,1691,7.964672271869631
KSJC/train,raw,122,124,1753,8.690634183725479
KSJC/train,raw,124,126,2854,14.679852705237295
KSJC/train,raw,126,128,4278,24.34635045502239
KSJC/train,raw,128,130,20298,138.64394481322904
KSJC/train,raw,130,132,556192,3862.920696516577
KSJC/train,raw,132,134,29245,204.36092297512187
KSJC/train,raw,134,136,1113,6.687805296904116
KSJC/train,raw,136,138,319,1.7885619917778968
KSJC/train,raw,138,140,330,1.7524250802725874
KSJC/train,raw,140,142,201,1.1626982624129596
KSJC/train,raw,142,144,141,0.8647265433901339
KSJC/train,raw,144,146,131,0.6826749894726163
KSJC/train,raw,146,148,163,0.917266122845831
KSJC/train,raw,148,150,97,0.5771908668966717
KSJC/train,raw,150,152,93,0.43392926491196704
KSJC/train,raw,152,154,66,0.3405873114879796
KSJC/train,raw,154,156,29,0.17094632002317667
KSJC/train,raw,156,158,85,0.3702615885040359
KSJC/train,raw,158,160,33,0.22329495327358018
KSJC/train,raw,160,162,51,0.3601069650521822
KSJC/train,raw,162,164,39,0.25907795259809063
KSJC/train,raw,164,166,28,0.16908953820166062
KSJC/train,raw,166,168,42,0.2320547085500948
KSJC/train,raw,168,170,16,0.08670901833465905
KSJC/train,raw,170,172,8,0.038961996191574144
KSJC/train,raw,172,174,9,0.04643363181367022
KSJC/train,raw,174,176,14,0.06265369759239547
KSJC/train,raw,176,178,6,0.03396601900658425
KSJC/train,raw,178,180,11,0.053719761803222355
KSJC/train,raw,180,182,8,0.047804793185605376
KSJC/train,raw,182,184,12,0.06369700565574021
KSJC/train,raw,184,186,4,0.0172343494323286
KSJC/train,raw,186,188,5,0.014864196567032195
KSJC/train,raw,188,190,7,0.033912903691089014
KSJC/train,raw,190,192,5,0.018886082638346124
KSJC/train,raw,192,194,2,0.006568162209077855
KSJC/train,raw,194,196,4,0.011989530915343494
KSJC/train,raw,196,198,2,0.006568162209077855
KSJC/train,raw,198,200,2,0.006897098462104623
KSJC/train,raw,200,202,4,0.01107732392665639
KSJC/train,raw,202,204,3,0.009592516251359484
KSJC/train,raw,204,206,4,0.011066538767408929
KSJC/train,raw,206,208,4,0.012881989936431637
KSJC/train,raw,208,210,2,0.005546262221287179
KSJC/train,raw,210,212,3,0.008809750231193902
KSJC/train,raw,212,214,3,0.00916467215756711
KSJC/train,raw,214,216,4,0.01359470163788501
KSJC/train,raw,216,218,2,0.004962991486536339
KSJC/train,raw,218,220,2,0.0074911543570124195
KSJC/train,raw,220,222,4,0.01257280164918484
KSJC/train,raw,222,224,3,0.010186572147176776
KSJC/train,raw,224,226,2,0.006469254367402755
KSJC/train,raw,226,228,4,0.013000645743886707
KSJC/train,raw,228,230,3,0.009758728052474908
KSJC/train,raw,230,232,4,0.01437746765986958
KSJC/train,raw,232,234,4,0.012583586809341796
KSJC/train,raw,234,236,1,0.004201680671940267
KSJC/train,raw,236,238,3,0.010175786986110325
KSJC/train,raw,238,240,3,0.008381906137401529
KSJC/train,raw,240,242,1,0.004201680672849761
KSJC/train,raw,242,244,4,0.012454145842639264
KSJC/train,raw,244,246,2,0.005546262220377685
KSJC/train,raw,246,248,3,0.009721957218971511
KSJC/train,raw,248,250,2,0.005557047380534641
KSJC/train,raw,250,252,4,0.013000645742977213
KSJC/train,raw,252,254,2,0.005557047380534641
KSJC/train,raw,254,256,2,0.004962991486536339
KSJC/train,raw,256,258,3,0.009747942893227446
KSJC/train,raw,258,260,2,0.006114332441029546
KSJC/train,raw,260,262,3,0.00916467215756711
KSJC/train,raw,262,264,3,0.008835735905449837
KSJC/train,raw,264,266,2,0.0055202765461217496
KSJC/train,raw,266,268,3,0.009747942893227446
KSJC/train,raw,268,270,1,0.003289473684162658
KSJC/train,raw,270,272,3,0.007787850243403227
KSJC/train,raw,272,274,4,0.013037416577390104
KSJC/train,raw,274,276,2,0.006114332441029546
KSJC/train,raw,276,278,4,0.012981466051314783
KSJC/train,raw,278,280,9,0.032293784324792796
KSJC/train,raw,280,282,6,0.020824222952796845
KSJC/train,raw,282,284,8,0.027213180897888378
KSJC/train,raw,284,286,9,0.029162603500481055
KSJC/train,raw,286,288,14,0.04579834759988444
KSJC/train,raw,288,290,26,0.08484562896046555
KSJC/train,raw,290,292,18,0.06211396533490188
KSJC/train,raw,292,294,22,0.07573887092257792
KSJC/train,raw,294,296,78,0.21445467938883667
KSJC/train,raw,296,298,101,0.34016022913601773
KSJC/train,raw,298,300,24,0.07794375495814165
KSJC/train,raw,300,302,15,0.04983887244543439
KSJC/train,raw,302,304,46,0.16911830283243035
KSJC/train,raw,304,306,146,0.450131441258236
KSJC/train,raw,306,308,93,0.32904984148353833
KSJC/train,raw,308,310,317,1.2006820717551818
KSJC/train,raw,310,312,9991,39.33975530378666
KSJC/train,raw,312,314,1061,4.081776873352283
KSJC/train,raw,314,316,342,1.3456439519231935
KSJC/train,raw,316,318,391,1.4930221378617716
KSJC/train,raw,318,320,452,1.650157416028378
KSJC/train,raw,320,322,251,0.9972429580793687
KSJC/train,raw,322,324,424,1.5106527314455889
KSJC/train,raw,324,326,485,1.9832446406799136
KSJC/train,raw,326,328,847,3.321952185311602
KSJC/train,raw,328,330,557,2.2987476165681073
KSJC/train,raw,330,332,615,2.595501100623551
KSJC/train,raw,332,334,910,3.8174446942548457
KSJC/train,raw,334,336,1262,5.170962218632667
KSJC/train,raw,336,338,1114,4.682547576000616
KSJC/train,raw,338,340,1343,5.728615498446743
KSJC/train,raw,340,342,1394,5.938240081991353
KSJC/train,raw,342,344,19543,88.37510225546521
KSJC/train,raw,344,346,4028,18.039912167283546
KSJC/train,raw,346,348,2441,10.235550876195703
KSJC/train,raw,348,350,1315,5.5327236568737135
KSJC/train,raw,350,352,925,4.078942428438495
KSJC/train,raw,352,354,1044,4.604258712058254
KSJC/train,raw,354,356,1170,5.021509010844056
KSJC/train,raw,356,358,1270,5.644696148437106
KSJC/train,raw,358,360,1106,4.728937935916292
KSJC/train,smoothed,0,2,791,3.475687184161271
KSJC/train,smoothed,2,4,1053,4.636091447736502
KSJC/train,smoothed,4,6,6104,30.166835562390837
KSJC/train,smoothed,6,8,1224,5.693270024645209
KSJC/train,smoothed,8,10,1048,4.855355203719377
KSJC/train,smoothed,10,12,1083,5.047591605171775
KSJC/train,smoothed,12,14,1039,4.869023217612337
KSJC/train,smoothed,14,16,1225,5.762021127398725
KSJC/train,smoothed,16,18,1262,5.860342281803042
KSJC/train,smoothed,18,20,995,4.570217709852955
KSJC/train,smoothed,20,22,1037,4.744368570955203
KSJC/train,smoothed,22,24,1207,5.542726741963278
KSJC/train,smoothed,24,26,6642,31.44090884709793
KSJC/train,smoothed,26,28,27462,128.70218982458073
KSJC/train,smoothed,28,30,1838,8.625412655531932
KSJC/train,smoothed,30,32,1334,6.216526700484195
KSJC/train,smoothed,32,34,1288,5.975177961211784
KSJC/train,smoothed,34,36,1344,6.13456878765885
KSJC/train,smoothed,36,38,1371,6.262513835491177
KSJC/train,smoothed,38,40,1090,4.904602281505902
KSJC/train,smoothed,40,42,1008,4.556753284657816
KSJC/train,smoothed,42,44,979,4.491233068831036
KSJC/train,smoothed,44,46,1041,4.796805752778994
KSJC/train,smoothed,46,48,1044,4.82381518850508
KSJC/train,smoothed,48,50,928,4.245143132379837
KSJC/train,smoothed,50,52,821,3.78846732837485
KSJC/train,smoothed,52,54,808,3.7213323084400827
KSJC/train,smoothed,54,56,830,3.8176608986299243
KSJC/train,smoothed,56,58,845,3.8714847775029853
KSJC/train,smoothed,58,60,859,3.960796947929907
KSJC/train,smoothed,60,62,835,3.880245249904533
KSJC/train,smoothed,62,64,832,3.857311595442411
KSJC/train,smoothed,64,66,833,3.911546867821926
KSJC/train,smoothed,66,68,856,3.9439026806971924
KSJC/train,smoothed,68,70,821,3.7993611515934163
KSJC/train,smoothed,70,72,822,3.8451023320591844
KSJC/train,smoothed,72,74,875,3.9741076213160227
KSJC/train,smoothed,74,76,854,3.916525735595087
KSJC/train,smoothed,76,78,907,4.156751940148581
KSJC/train,smoothed,78,80,877,4.070883917847425
KSJC/train,smoothed,80,82,816,3.797501348967103
KSJC/train,smoothed,82,84,872,4.021511691564683
KSJC/train,smoothed,84,86,909,4.1230803303887456
KSJC/train,smoothed,86,88,909,4.175223670310061
KSJC/train,smoothed,88,90,933,4.2585552109267155
KSJC/train,smoothed,90,92,909,4.289171495773303
KSJC/train,smoothed,92,94,914,4.2311548835508574
KSJC/train,smoothed,94,96,921,4.3060699658148
KSJC/train,smoothed,96,98,901,4.181686028584068
KSJC/train,smoothed,98,100,964,4.600661797091675
KSJC/train,smoothed,100,102,1014,4.946707078943575
KSJC/train,smoothed,102,104,1134,5.547202114094148
KSJC/train,smoothed,104,106,1414,7.168383713337278
KSJC/train,smoothed,106,108,1450,6.884633075904389
KSJC/train,smoothed,108,110,1122,5.535534750972204
KSJC/train,smoothed,110,112,1061,5.274636379370577
KSJC/train,smoothed,112,114,1141,5.65548293913514
KSJC/train,smoothed,114,116,1382,6.34995212151432
KSJC/train,smoothed,116,118,1552,6.830964619961321
KSJC/train,smoothed,118,120,11546,48.75522012777748
KSJC/train,smoothed,120,122,1701,8.00777747120361
KSJC/train,smoothed,122,124,1777,8.802732293283952
KSJC/train,smoothed,124,126,2905,14.880740135382325
KSJC/train,smoothed,126,128,4388,24.968376963750643
KSJC/train,smoothed,128,130,19345,131.74337821360803
KSJC/train,smoothed,130,132,559965,3890.628698644346
KSJC/train,smoothed,132,134,25728,179.973009911213
KSJC/train,smoothed,134,136,1093,6.606347643138179
KSJC/train,smoothed,136,138,336,1.8721959476170014
KSJC/train,smoothed,138,140,324,1.7190886963580851
KSJC/train,smoothed,140,142,198,1.1429197560728426
KSJC/train,smoothed,142,144,140,0.8786434895755519
KSJC/train,smoothed,144,146,138,0.7146459407931616
KSJC/train,smoothed,146,148,164,0.9455109465452551
KSJC/train,smoothed,148,150,91,0.522654086543298
KSJC/train,smoothed,150,152,99,0.4889273615945058
KSJC/train,smoothed,152,154,63,0.32013323219507583
KSJC/train,smoothed,154,156,39,0.23500711315773515
KSJC/train,smoothed,156,158,77,0.3274490455905834
KSJC/train,smoothed,158,160,33,0.222757917038507
KSJC/train,smoothed,160,162,49,0.3423637386968039
KSJC/train,smoothed,162,164,42,0.2798696790550821
KSJC/train,smoothed,164,166,33,0.19552473685143923
KSJC/train,smoothed,166,168,38,0.21152940144565946
KSJC/train,smoothed,168,170,18,0.10459214275306294
KSJC/train,smoothed,170,172,6,0.02966842980367801
KSJC/train,smoothed,172,174,12,0.05251102709735278
KSJC/train,smoothed,174,176,11,0.05339405409358733
KSJC/train,smoothed,176,178,10,0.05380354699809686
KSJC/train,smoothed,178,180,7,0.037193922993537853
KSJC/train,smoothed,180,182,12,0.0634076398491743
KSJC/train,smoothed,182,184,8,0.04530283267285995
KSJC/train,smoothed,184,186,7,0.028657300014856446
KSJC/train,smoothed,186,188,4,0.01411367091259308
KSJC/train,smoothed,188,190,8,0.03510002197162976
KSJC/train,smoothed,190,192,2,0.00656816220816836
KSJC/train,smoothed,192,194,4,0.011989530916252988
KSJC/train,smoothed,194,196,2,0.00656816220816836
KSJC/train,smoothed,196,198,4,0.011989530915343494
KSJC/train,smoothed,198,200,2,0.005984891474327014
KSJC/train,smoothed,200,202,3,0.01017578698701982
KSJC/train,smoothed,202,204,4,0.01107732392665639
KSJC/train,smoothed,204,206,3,0.009592516251359484
KSJC/train,smoothed,206,208,3,0.00824168001054204
KSJC/train,smoothed,208,210,4,0.013011430904043664
KSJC/train,smoothed,210,212,1,0.002267573696371983
KSJC/train,smoothed,212,214,5,0.01629011942713987
KSJC/train,smoothed,214,216,1,0.002267573696371983
KSJC/train,smoothed,216,218,3,0.010186572146267281
KSJC/train,smoothed,218,220,4,0.012572801650094334
KSJC/train,smoothed,220,222,2,0.00598489147341752
KSJC/train,smoothed,222,224,3,0.009747942893227446
KSJC/train,smoothed,224,226,3,0.009721957219881006
KSJC/train,smoothed,226,228,3,0.009758728051565413
KSJC/train,smoothed,228,230,4,0.01437746765986958
KSJC/train,smoothed,230,232,4,0.012583586809341796
KSJC/train,smoothed,232,234,1,0.004201680671940267
KSJC/train,smoothed,234,236,5,0.015732834366644965
KSJC/train,smoothed,236,238,2,0.0070265394297166495
KSJC/train,smoothed,238,240,3,0.009164672158476606
KSJC/train,smoothed,240,242,2,0.006568162209077855
KSJC/train,smoothed,242,244,3,0.009294113124269643
KSJC/train,smoothed,244,246,3,0.010186572147176776
KSJC/train,smoothed,246,248,2,0.005546262221287179
KSJC/train,smoothed,248,250,3,0.009721957218062016
KSJC/train,smoothed,250,252,2,0.005557047380534641
KSJC/train,smoothed,252,254,3,0.00824168001054204
KSJC/train,smoothed,254,256,2,0.0070265394297166495
KSJC/train,smoothed,256,258,2,0.005557047380534641
KSJC/train,smoothed,258,260,4,0.012443360681572813
KSJC/train,smoothed,260,262,2,0.006114332441029546
KSJC/train,smoothed,262,264,2,0.004962991486536339
KSJC/train,smoothed,264,266,4,0.013037416577390104
KSJC/train,smoothed,266,268,1,0.002824858756866888
KSJC/train,smoothed,268,270,4,0.012454145842639264
KSJC/train,smoothed,270,272,2,0.005546262221287179
KSJC/train,smoothed,272,274,2,0.006114332441029546
KSJC/train,smoothed,274,276,4,0.012443360682482307
KSJC/train,smoothed,276,278,2,0.006114332441029546
KSJC/train,smoothed,278,280,12,0.042065504839229106
KSJC/train,smoothed,280,282,6,0.021766394793303334
KSJC/train,smoothed,282,284,7,0.02258365613215574
KSJC/train,smoothed,284,286,10,0.033234843206628284
KSJC/train,smoothed,286,288,12,0.03984035252415197
KSJC/train,smoothed,288,290,25,0.07983299011721101
KSJC/train,smoothed,290,292,18,0.062170582102226035
KSJC/train,smoothed,292,294,18,0.06251343878375337
KSJC/train,smoothed,294,296,81,0.2253308919198389
KSJC/train,smoothed,296,298,104,0.34998250138050935
KSJC/train,smoothed,298,300,22,0.07264192771071976
KSJC/train,smoothed,300,302,20,0.06446439820501837
KSJC/train,smoothed,302,304,43,0.1593183522745676
KSJC/train,smoothed,304,306,142,0.436264720006875
KSJC/train,smoothed,306,308,97,0.3438953797804061
KSJC/train,smoothed,308,310,271,1.021678069859263
KSJC/train,smoothed,310,312,9923,39.04956035207124
KSJC/train,smoothed,312,314,1038,3.9963749585440382
KSJC/train,smoothed,314,316,362,1.424293043744001
KSJC/train,smoothed,316,318,391,1.485389016433146
KSJC/train,smoothed,318,320,457,1.683884320674224
KSJC/train,smoothed,320,322,247,0.9763129373541233
KSJC/train,smoothed,322,324,427,1.5189696400084358
KSJC/train,smoothed,324,326,501,2.048662322430573
KSJC/train,smoothed,326,328,852,3.3535830902192174
KSJC/train,smoothed,328,330,598,2.4565938653531703
KSJC/train,smoothed,330,332,641,2.7205597984193446
KSJC/train,smoothed,332,334,935,3.954411329626055
KSJC/train,smoothed,334,336,1336,5.495715823886712
KSJC/train,smoothed,336,338,1174,4.937882182501198
KSJC/train,smoothed,338,340,1395,5.970327802135216
KSJC/train,smoothed,340,342,1460,6.235249627348821
KSJC/train,smoothed,342,344,19458,88.00382858407283
KSJC/train,smoothed,344,346,3948,17.652688077633684
KSJC/train,smoothed,346,348,2458,10.303539532449577
KSJC/train,smoothed,348,350,1388,5.875471663251119
KSJC/train,smoothed,350,352,936,4.114329388578881
KSJC/train,smoothed,352,354,986,4.359400267299861
KSJC/train,smoothed,354,356,1225,5.280355842348399
KSJC/train,smoothed,356,358,1304,5.776805257992237
KSJC/train,smoothed,358,360,1051,4.505364891432691
KSJC/train,relative,0,2,183256,1265.8386046176545
KSJC/train,relative,2,4,2167,13.588466981025022
KSJC/train,relative,4,6,626,3.226246705553649
KSJC/train,relative,6,8,463,2.3677809715222793
KSJC/train,relative,8,10,396,2.0666085046202625
KSJC/train,relative,10,12,339,1.7529949671043141
KSJC/train,relative,12,14,317,1.4546069440393694
KSJC/train,relative,14,16,382,1.8122202559904963
KSJC/train,relative,16,18,402,1.7566171354180824
KSJC/train,relative,18,20,228,1.029079044689297
KSJC/train,relative,20,22,258,1.1002698486524878
KSJC/train,relative,22,24,271,1.1790653496098003
KSJC/train,relative,24,26,318,1.2951898492497094
KSJC/train,relative,26,28,238,1.0280827355109068
KSJC/train,relative,28,30,261,1.2294456127569902
KSJC/train,relative,30,32,358,1.440049199859459
KSJC/train,relative,32,34,316,1.2934297424583292
KSJC/train,relative,34,36,415,1.556857178514747
KSJC/train,relative,36,38,270,1.1086313276366582
KSJC/train,relative,38,40,220,0.919808460124159
KSJC/train,relative,40,42,234,1.0129010975460915
KSJC/train,relative,42,44,243,1.0090252539216635
KSJC/train,relative,44,46,196,0.8139244069918732
KSJC/train,relative,46,48,223,0.9265490647821935
KSJC/train,relative,48,50,236,0.9874156688410949
KSJC/train,relative,50,52,212,0.9318809546534794
KSJC/train,relative,52,54,214,0.9024776076462331
KSJC/train,relative,54,56,197,0.7927216672367194
KSJC/train,relative,56,58,185,0.7732802582850127
KSJC/train,relative,58,60,214,0.9432363879702734
KSJC/train,relative,60,62,203,0.8412384087614555
KSJC/train,relative,62,64,247,1.085652439825708
KSJC/train,relative,64,66,256,1.1838853889544225
KSJC/train,relative,66,68,189,0.7916277725521468
KSJC/train,relative,68,70,170,0.6917065168806857
KSJC/train,relative,70,72,175,0.7229495674523605
KSJC/train,relative,72,74,182,0.7471064594637937
KSJC/train,relative,74,76,185,0.7521256398476908
KSJC/train,relative,76,78,173,0.7034168470104305
KSJC/train,relative,78,80,190,0.7655492522114855
KSJC/train,relative,80,82,169,0.6919553626219113
KSJC/train,relative,82,84,204,0.8032448660101181
KSJC/train,relative,84,86,251,0.9577756019875778
KSJC/train,relative,86,88,279,1.094461005165158
KSJC/train,relative,88,90,188,0.740509214042504
KSJC/train,relative,90,92,180,0.7245572357433048
KSJC/train,relative,92,94,168,0.6793091855254261
KSJC/train,relative,94,96,192,0.7597160675081795
KSJC/train,relative,96,98,195,0.7750154428545102
KSJC/train,relative,98,100,175,0.7120903288723639
KSJC/train,relative,100,102,173,0.7086944409170428
KSJC/train,relative,102,104,159,0.6493019763759094
KSJC/train,relative,104,106,159,0.6445191465636526
KSJC/train,relative,106,108,192,0.750149689908767
KSJC/train,relative,108,110,165,0.6678595232228872
KSJC/train,relative,110,112,152,0.6218821338454745
KSJC/train,relative,112,114,150,0.6120696446671445
KSJC/train,relative,114,116,180,0.7376615232483346
KSJC/train,relative,116,118,212,0.8847378545774518
KSJC/train,relative,118,120,158,0.6505871369984106
KSJC/train,relative,120,122,206,0.8087433054242865
KSJC/train,relative,122,124,221,0.8686980717284314
KSJC/train,relative,124,126,218,0.8712841489057155
KSJC/train,relative,126,128,248,1.0411510322187496
KSJC/train,relative,128,130,177,0.7410950928631337
KSJC/train,relative,130,132,151,0.6161389113683526
KSJC/train,relative,132,134,259,0.9749359886145612
KSJC/train,relative,134,136,204,0.7953495232709429
KSJC/train,relative,136,138,290,1.0753993091007032
KSJC/train,relative,138,140,183,0.7392665459915406
KSJC/train,relative,140,142,201,0.8145895619963994
KSJC/train,relative,142,144,202,0.7849458276693895
KSJC/train,relative,144,146,200,0.7592633014653529
KSJC/train,relative,146,148,232,0.9547173731443763
KSJC/train,relative,148,150,172,0.6969302797949695
KSJC/train,relative,150,152,238,0.9464235992938939
KSJC/train,relative,152,154,292,1.0681460709611201
KSJC/train,relative,154,156,389,1.3686031872182411
KSJC/train,relative,156,158,369,1.3427443035859596
KSJC/train,relative,158,160,200,0.7541275998632955
KSJC/train,relative,160,162,240,0.9423811589183515
KSJC/train,relative,162,164,450,1.5859497743351767
KSJC/train,relative,164,166,712,2.505418154700692
KSJC/train,relative,166,168,10526,43.49757053895769
KSJC/train,relative,168,170,944,3.8058474829410898
KSJC/train,relative,170,172,507,2.0534138014747896
KSJC/train,relative,172,174,970,3.5276389485063646
KSJC/train,relative,174,176,1071,3.8028718886507704
KSJC/train,relative,176,178,883,3.2926152089453353
KSJC/train,relative,178,180,4866,19.639364899242537
KSJC/train,relative,180,182,2464,9.971572576454946
KSJC/train,relative,182,184,313,1.1057011620400772
KSJC/train,relative,184,186,141,0.45643959398967127
KSJC/train,relative,186,188,336,1.0825609210423863
KSJC/train,relative,188,190,134,0.4157909537041178
KSJC/train,relative,190,192,180,0.5506997818599757
KSJC/train,relative,192,194,211,0.7545701450856086
KSJC/train,relative,194,196,479,1.95101695511471
KSJC/train,relative,196,198,514,2.032012279991932
KSJC/train,relative,198,200,370,1.6097812284915562
KSJC/train,relative,200,202,741,3.186852933519276
KSJC/train,relative,202,204,831,3.5161019232684794
KSJC/train,relative,204,206,1014,4.229054811684136
KSJC/train,relative,206,208,1210,5.149108709247912
KSJC/train,relative,208,210,1068,4.640134455694351
KSJC/train,relative,210,212,4926,22.29298017530732
KSJC/train,relative,212,214,17432,79.0051335879723
KSJC/train,relative,214,216,2436,10.698755162619591
KSJC/train,relative,216,218,1451,6.167590657429855
KSJC/train,relative,218,220,839,3.648217889841362
KSJC/train,relative,220,222,704,3.1788681112025188
KSJC/train,relative,222,224,992,4.304329895851879
KSJC/train,relative,224,226,991,4.469796937534511
KSJC/train,relative,226,228,980,4.32566521157878
KSJC/train,relative,228,230,641,2.771495540942169
KSJC/train,relative,230,232,663,2.980794478618236
KSJC/train,relative,232,234,3511,16.98661628203672
KSJC/train,relative,234,236,3424,17.1196216794242
KSJC/train,relative,236,238,888,4.160344716308828
KSJC/train,relative,238,240,930,4.417756929709412
KSJC/train,relative,240,242,836,4.007401021971646
KSJC/train,relative,242,244,860,4.088786436207556
KSJC/train,relative,244,246,953,4.3746548535673355
KSJC/train,relative,246,248,995,4.7607540416036045
KSJC/train,relative,248,250,771,3.58396350555995
KSJC/train,relative,250,252,925,4.3295686782139455
KSJC/train,relative,252,254,1502,7.023686704582815
KSJC/train,relative,254,256,31086,146.1019485275017
KSJC/train,relative,256,258,2698,12.84141946693535
KSJC/train,relative,258,260,1348,6.414978152742833
KSJC/train,relative,260,262,1044,4.946538814694577
KSJC/train,relative,262,264,1195,5.6002342818524085
KSJC/train,relative,264,266,1088,5.142032345131383
KSJC/train,relative,266,268,1009,4.781882482393257
KSJC/train,relative,268,270,811,3.7288525352580564
KSJC/train,relative,270,272,802,3.7815357411300283
KSJC/train,relative,272,274,829,3.8944604419118605
KSJC/train,relative,274,276,881,4.168142572872057
KSJC/train,relative,276,278,747,3.5360229407826864
KSJC/train,relative,278,280,728,3.468231885812429
KSJC/train,relative,280,282,657,3.10184067874593
KSJC/train,relative,282,284,655,3.1069792080279512
KSJC/train,relative,284,286,663,3.1288329401591
KSJC/train,relative,286,288,678,3.230574249383608
KSJC/train,relative,288,290,680,3.228555740340198
KSJC/train,relative,290,292,713,3.400752976166359
KSJC/train,relative,292,294,659,3.148760241666423
KSJC/train,relative,294,296,702,3.3968227837131053
KSJC/train,relative,296,298,633,2.9915142743448087
KSJC/train,relative,298,300,653,3.1321980689842803
KSJC/train,relative,300,302,647,3.085495051636599
KSJC/train,relative,302,304,648,3.086321065354241
KSJC/train,relative,304,306,681,3.2624165730123877
KSJC/train,relative,306,308,672,3.2012869234797563
KSJC/train,relative,308,310,658,3.1377496730156054
KSJC/train,relative,310,312,670,3.2115483954589763
KSJC/train,relative,312,314,682,3.315131139134337
KSJC/train,relative,314,316,662,3.1788900418973753
KSJC/train,relative,316,318,704,3.3873679520647784
KSJC/train,relative,318,320,719,3.5059593241687708
KSJC/train,relative,320,322,677,3.272455555702436
KSJC/train,relative,322,324,773,3.755226774339235
KSJC/train,relative,324,326,711,3.444282338638004
KSJC/train,relative,326,328,702,3.4372551287244733
KSJC/train,relative,328,330,819,4.152070802938624
KSJC/train,relative,330,332,858,4.371208005954713
KSJC/train,relative,332,334,1061,5.657788261716405
KSJC/train,relative,334,336,1066,5.825475276072439
KSJC/train,relative,336,338,935,4.9300959573972705
KSJC/train,relative,338,340,900,4.6603084354972
KSJC/train,relative,340,342,883,4.588635350671439
KSJC/train,relative,342,344,876,4.530627086550112
KSJC/train,relative,344,346,901,4.558656285011011
KSJC/train,relative,346,348,892,4.5444902125163935
KSJC/train,relative,348,350,954,4.906838753247484
KSJC/train,relative,350,352,1143,6.052719529823662
KSJC/train,relative,352,354,1581,9.020597360421107
KSJC/train,relative,354,356,2883,17.521567303416305
KSJC/train,relative,356,358,7742,51.619564666332735
KSJC/train,relative,358,360,417486,2898.1922301321124
KSJC/val,raw,0,2,144,0.6379419116001399
KSJC/val,raw,2,4,175,0.7299803169753369
KSJC/val,raw,4,6,1071,5.3514542795869335
KSJC/val,raw,6,8,375,1.6372729110077255
KSJC/val,raw,8,10,172,0.780451007815893
KSJC/val,raw,10,12,149,0.6723618578031569
KSJC/val,raw,12,14,167,0.7278558976859824
KSJC/val,raw,14,16,158,0.7039759201712705
KSJC/val,raw,16,18,191,0.8189568815762538
KSJC/val,raw,18,20,161,0.7095436511070865
KSJC/val,raw,20,22,169,0.7445763988431562
KSJC/val,raw,22,24,287,1.2841483639165485
KSJC/val,raw,24,26,1339,6.289384986031395
KSJC/val,raw,26,28,5371,25.223606275000026
KSJC/val,raw,28,30,331,1.5368114398392194
KSJC/val,raw,30,32,221,1.0145450675494914
KSJC/val,raw,32,34,228,1.0511930339898967
KSJC/val,raw,34,36,311,1.3735218454620508
KSJC/val,raw,36,38,296,1.3560720142318772
KSJC/val,raw,38,40,277,1.2476938440730194
KSJC/val,raw,40,42,212,0.975179709358521
KSJC/val,raw,42,44,262,1.12651810977259
KSJC/val,raw,44,46,307,1.370271863681765
KSJC/val,raw,46,48,266,1.2490318364425121
KSJC/val,raw,48,50,178,0.775850798935771
KSJC/val,raw,50,52,208,0.9652854842877119
KSJC/val,raw,52,54,152,0.6915625763753468
KSJC/val,raw,54,56,165,0.7373234985942858
KSJC/val,raw,56,58,158,0.7159347937135436
KSJC/val,raw,58,60,196,0.8630503401169918
KSJC/val,raw,60,62,182,0.8367879425366311
KSJC/val,raw,62,64,181,0.8283065635100684
KSJC/val,raw,64,66,165,0.7475801792430019
KSJC/val,raw,66,68,192,0.9013890223528449
KSJC/val,raw,68,70,147,0.670620654759702
KSJC/val,raw,70,72,164,0.7371394006568153
KSJC/val,raw,72,74,192,0.8549126933128264
KSJC/val,raw,74,76,208,0.9176274232706589
KSJC/val,raw,76,78,187,0.8460812050772404
KSJC/val,raw,78,80,152,0.698317987063291
KSJC/val,raw,80,82,177,0.7991208396514651
KSJC/val,raw,82,84,166,0.7766781650443875
KSJC/val,raw,84,86,162,0.746969242622427
KSJC/val,raw,86,88,204,0.9439440007174369
KSJC/val,raw,88,90,163,0.7585548223223384
KSJC/val,raw,90,92,187,0.8761264574715426
KSJC/val,raw,92,94,168,0.775967227080983
KSJC/val,raw,94,96,172,0.8060166402347022
KSJC/val,raw,96,98,165,0.7672530821076293
KSJC/val,raw,98,100,296,1.2886207668737484
KSJC/val,raw,100,102,190,0.9114422336306518
KSJC/val,raw,102,104,250,1.2427544441436993
KSJC/val,raw,104,106,218,1.056891188245089
KSJC/val,raw,106,108,255,1.3288886327861746
KSJC/val,raw,108,110,328,1.5417044604703705
KSJC/val,raw,110,112,213,1.0170937715121227
KSJC/val,raw,112,114,213,1.0250319149082543
KSJC/val,raw,114,116,183,0.8886203032069062
KSJC/val,raw,116,118,346,1.4959841062443502
KSJC/val,raw,118,120,2787,11.031934467315693
KSJC/val,raw,120,122,322,1.4734860847903093
KSJC/val,raw,122,124,378,1.9012099104373448
KSJC/val,raw,124,126,607,3.3193751034749397
KSJC/val,raw,126,128,824,4.734655441332066
KSJC/val,raw,128,130,4491,30.258875146222806
KSJC/val,raw,130,132,120537,839.2915267462807
KSJC/val,raw,132,134,6687,46.22371595897562
KSJC/val,raw,134,136,353,2.047844957669213
KSJC/val,raw,136,138,177,0.7620823436266164
KSJC/val,raw,138,140,48,0.293317928407987
KSJC/val,raw,140,142,57,0.36219246302152897
KSJC/val,raw,142,144,131,0.4716740713777199
KSJC/val,raw,144,146,36,0.22292650891631638
KSJC/val,raw,146,148,14,0.08141541000986763
KSJC/val,raw,148,150,14,0.08251084793437258
KSJC/val,raw,150,152,14,0.07789813892713937
KSJC/val,raw,152,154,13,0.07320321160250387
KSJC/val,raw,154,156,6,0.02381812260409788
KSJC/val,raw,156,158,4,0.01768263369444867
KSJC/val,raw,158,160,8,0.03131838547778898
KSJC/val,raw,160,162,24,0.08085398919342879
KSJC/val,raw,162,164,19,0.1204308180258522
KSJC/val,raw,164,166,8,0.0571428571429351
KSJC/val,raw,166,168,1,0.003039513677776995
KSJC/val,raw,168,170,0,0.0
KSJC/val,raw,170,172,0,0.0
KSJC/val,raw,172,174,1,0.003039513677776995
KSJC/val,raw,174,176,0,0.0
KSJC/val,raw,176,178,1,0.003039513677776995
KSJC/val,raw,178,180,0,0.0
KSJC/val,raw,180,182,0,0.0
KSJC/val,raw,182,184,0,0.0
KSJC/val,raw,184,186,1,0.003039513677776995
KSJC/val,raw,186,188,0,0.0
KSJC/val,raw,188,190,1,0.0030395136780043686
KSJC/val,raw,190,192,0,0.0
KSJC/val,raw,192,194,1,0.003039513677776995
KSJC/val,raw,194,196,0,0.0
KSJC/val,raw,196,198,0,0.0
KSJC/val,raw,198,200,1,0.003039513677776995
KSJC/val,raw,200,202,0,0.0
KSJC/val,raw,202,204,0,0.0
KSJC/val,raw,204,206,1,0.003039513677776995
KSJC/val,raw,206,208,0,0.0
KSJC/val,raw,208,210,1,0.003039513677776995
KSJC/val,raw,210,212,0,0.0
KSJC/val,raw,212,214,0,0.0
KSJC/val,raw,214,216,1,0.003039513677776995
KSJC/val,raw,216,218,0,0.0
KSJC/val,raw,218,220,0,0.0
KSJC/val,raw,220,222,1,0.003039513677776995
KSJC/val,raw,222,224,0,0.0
KSJC/val,raw,224,226,1,0.0030395136780043686
KSJC/val,raw,226,228,0,0.0
KSJC/val,raw,228,230,0,0.0
KSJC/val,raw,230,232,1,0.003039513677776995
KSJC/val,raw,232,234,0,0.0
KSJC/val,raw,234,236,0,0.0
KSJC/val,raw,236,238,1,0.003039513677776995
KSJC/val,raw,238,240,0,0.0
KSJC/val,raw,240,242,0,0.0
KSJC/val,raw,242,244,1,0.003039513677776995
KSJC/val,raw,244,246,0,0.0
KSJC/val,raw,246,248,1,0.003039513677776995
KSJC/val,raw,248,250,0,0.0
KSJC/val,raw,250,252,0,0.0
KSJC/val,raw,252,254,1,0.003039513677776995
KSJC/val,raw,254,256,0,0.0
KSJC/val,raw,256,258,0,0.0
KSJC/val,raw,258,260,1,0.003039513677776995
KSJC/val,raw,260,262,12,0.0425531914891053
KSJC/val,raw,262,264,4,0.0141843971630351
KSJC/val,raw,264,266,2,0.0065856129685926135
KSJC/val,raw,266,268,2,0.0070921985814038635
KSJC/val,raw,268,270,3,0.010131712259408232
KSJC/val,raw,270,272,2,0.0070921985814038635
KSJC/val,raw,272,274,1,0.0035460992908156186
KSJC/val,raw,274,276,2,0.0065856129685926135
KSJC/val,raw,276,278,28,0.09633860881103828
KSJC/val,raw,278,280,3,0.010344827586322936
KSJC/val,raw,280,282,4,0.013579988121364295
KSJC/val,raw,282,284,5,0.017028263983320358
KSJC/val,raw,284,286,10,0.030803898962403764
KSJC/val,raw,286,288,5,0.01702826398354773
KSJC/val,raw,288,290,2,0.00658561296836524
KSJC/val,raw,290,292,3,0.010442651014955118
KSJC/val,raw,292,294,3,0.010131712259408232
KSJC/val,raw,294,296,53,0.15186895716328763
KSJC/val,raw,296,298,7,0.02143875223782743
KSJC/val,raw,298,300,2,0.005653519989209599
KSJC/val,raw,300,302,17,0.06058542589926219
KSJC/val,raw,302,304,10,0.034425489237492
KSJC/val,raw,304,306,19,0.06953874245414227
KSJC/val,raw,306,308,15,0.056044120673277575
KSJC/val,raw,308,310,112,0.4321848179240533
KSJC/val,raw,310,312,2548,9.335871357730184
KSJC/val,raw,312,314,260,0.9454498877344122
KSJC/val,raw,314,316,84,0.30508701281883077
KSJC/val,raw,316,318,151,0.5235601492177011
KSJC/val,raw,318,320,74,0.26874199259941633
KSJC/val,raw,320,322,57,0.2188817879552971
KSJC/val,raw,322,324,121,0.4755550161380597
KSJC/val,raw,324,326,127,0.4893184999684763
KSJC/val,raw,326,328,161,0.6116789933571454
KSJC/val,raw,328,330,158,0.6391589202119121
KSJC/val,raw,330,332,157,0.7038492007045534
KSJC/val,raw,332,334,207,0.8575403289139558
KSJC/val,raw,334,336,247,1.0375662884464418
KSJC/val,raw,336,338,407,1.560620413060633
KSJC/val,raw,338,340,242,0.9714046349404271
KSJC/val,raw,340,342,256,1.089197415853505
KSJC/val,raw,342,344,3788,17.09080926697834
KSJC/val,raw,344,346,828,3.4496590119711072
KSJC/val,raw,346,348,427,1.673229430662559
KSJC/val,raw,348,350,190,0.790803175794963
KSJC/val,raw,350,352,171,0.6953770265331514
KSJC/val,raw,352,354,193,0.786507171175117
KSJC/val,raw,354,356,233,0.9912314402529319
KSJC/val,raw,356,358,271,1.1905612098787515
KSJC/val,raw,358,360,146,0.6129606113868249
KSJC/val,smoothed,0,2,148,0.6482084116849476
KSJC/val,smoothed,2,4,172,0.7242350232372059
KSJC/val,smoothed,4,6,1088,5.433389036986533
KSJC/val,smoothed,6,8,364,1.5920842163466604
KSJC/val,smoothed,8,10,175,0.7950198295192852
KSJC/val,smoothed,10,12,168,0.7456352650889055
KSJC/val,smoothed,12,14,152,0.6807614127566435
KSJC/val,smoothed,14,16,172,0.7485922211745333
KSJC/val,smoothed,16,18,182,0.7783466455370593
KSJC/val,smoothed,18,20,165,0.7347427913429865
KSJC/val,smoothed,20,22,181,0.8048123508135525
KSJC/val,smoothed,22,24,287,1.2830974873867476
KSJC/val,smoothed,24,26,1309,6.1393146454060386
KSJC/val,smoothed,26,28,5356,25.15791582472889
KSJC/val,smoothed,28,30,343,1.5929121275733351
KSJC/val,smoothed,30,32,224,1.0287158451894882
KSJC/val,smoothed,32,34,238,1.0977639264575956
KSJC/val,smoothed,34,36,318,1.410676589094507
KSJC/val,smoothed,36,38,295,1.3457659239024267
KSJC/val,smoothed,38,40,271,1.2335301301691146
KSJC/val,smoothed,40,42,233,1.049098692637095
KSJC/val,smoothed,42,44,239,1.0429783067315057
KSJC/val,smoothed,44,46,327,1.4666321130016797
KSJC/val,smoothed,46,48,261,1.2218904827397807
KSJC/val,smoothed,48,50,186,0.8093572412053263
KSJC/val,smoothed,50,52,182,0.8593470346997947
KSJC/val,smoothed,52,54,174,0.7877713580560197
KSJC/val,smoothed,54,56,171,0.7579759931258536
KSJC/val,smoothed,56,58,148,0.6654352217881865
KSJC/val,smoothed,58,60,180,0.7868351845602817
KSJC/val,smoothed,60,62,205,0.9497025730182784
KSJC/val,smoothed,62,64,184,0.8380411801398537
KSJC/val,smoothed,64,66,157,0.7121897360211022
KSJC/val,smoothed,66,68,182,0.8522790197991981
KSJC/val,smoothed,68,70,162,0.739949286311159
KSJC/val,smoothed,70,72,168,0.7629764669079293
KSJC/val,smoothed,72,74,183,0.8057686637724402
KSJC/val,smoothed,74,76,198,0.8724478221814991
KSJC/val,smoothed,76,78,198,0.8969984183923572
KSJC/val,smoothed,78,80,161,0.7417345045743389
KSJC/val,smoothed,80,82,145,0.6603072143292508
KSJC/val,smoothed,82,84,186,0.8565437632065738
KSJC/val,smoothed,84,86,174,0.8120810594249974
KSJC/val,smoothed,86,88,187,0.8649621684931645
KSJC/val,smoothed,88,90,170,0.7868661823784606
KSJC/val,smoothed,90,92,196,0.9254683023924457
KSJC/val,smoothed,92,94,166,0.7691380730358759
KSJC/val,smoothed,94,96,158,0.7402179158344779
KSJC/val,smoothed,96,98,164,0.7490813053680796
KSJC/val,smoothed,98,100,313,1.381636543352215
KSJC/val,smoothed,100,102,190,0.9035437328023761
KSJC/val,smoothed,102,104,235,1.1740006825253317
KSJC/val,smoothed,104,106,246,1.194033817828739
KSJC/val,smoothed,106,108,241,1.2449135970916103
KSJC/val,smoothed,108,110,330,1.5806593072748285
KSJC/val,smoothed,110,112,207,0.9755002641622355
KSJC/val,smoothed,112,114,213,1.0391986218864844
KSJC/val,smoothed,114,116,214,1.0342838628729822
KSJC/val,smoothed,116,118,326,1.3782086917327234
KSJC/val,smoothed,118,120,2786,11.056867626915107
KSJC/val,smoothed,120,122,349,1.6099489010127996
KSJC/val,smoothed,122,124,385,1.891314922222108
KSJC/val,smoothed,124,126,631,3.4637542376608934
KSJC/val,smoothed,126,128,847,4.839544001196188
KSJC/val,smoothed,128,130,4280,28.792416715075348
KSJC/val,smoothed,130,132,121370,845.3533761467969
KSJC/val,smoothed,132,134,5918,40.93451512800766
KSJC/val,smoothed,134,136,345,1.94958499605832
KSJC/val,smoothed,136,138,177,0.7950135498563213
KSJC/val,smoothed,138,140,45,0.2686901614067665
KSJC/val,smoothed,140,142,59,0.3692864698039102
KSJC/val,smoothed,142,144,131,0.47728297213075166
KSJC/val,smoothed,144,146,34,0.21076975849837254
KSJC/val,smoothed,146,148,16,0.0933802092008591
KSJC/val,smoothed,148,150,15,0.09048309343506844
KSJC/val,smoothed,150,152,12,0.06390946685019117
KSJC/val,smoothed,152,154,16,0.08846284549258598
KSJC/val,smoothed,154,156,4,0.017682633694221295
KSJC/val,smoothed,156,158,5,0.017983577870609224
KSJC/val,smoothed,158,160,9,0.03715293021150501
KSJC/val,smoothed,160,162,24,0.08210584004814336
KSJC/val,smoothed,162,164,17,0.11304347826103367
KSJC/val,smoothed,164,166,9,0.060182370820712094
KSJC/val,smoothed,166,168,0,0.0
KSJC/val,smoothed,168,170,1,0.003039513677776995
KSJC/val,smoothed,170,172,0,0.0
KSJC/val,smoothed,172,174,0,0.0
KSJC/val,smoothed,174,176,1,0.003039513677776995
KSJC/val,smoothed,176,178,0,0.0
KSJC/val,smoothed,178,180,0,0.0
KSJC/val,smoothed,180,182,1,0.003039513677776995
KSJC/val,smoothed,182,184,0,0.0
KSJC/val,smoothed,184,186,0,0.0
KSJC/val,smoothed,186,188,1,0.003039513677776995
KSJC/val,smoothed,188,190,0,0.0
KSJC/val,smoothed,190,192,1,0.0030395136780043686
KSJC/val,smoothed,192,194,0,0.0
KSJC/val,smoothed,194,196,0,0.0
KSJC/val,smoothed,196,198,1,0.003039513677776995
KSJC/val,smoothed,198,200,0,0.0
KSJC/val,smoothed,200,202,1,0.003039513677776995
KSJC/val,smoothed,202,204,0,0.0
KSJC/val,smoothed,204,206,0,0.0
KSJC/val,smoothed,206,208,1,0.003039513677776995
KSJC/val,smoothed,208,210,0,0.0
KSJC/val,smoothed,210,212,0,0.0
KSJC/val,smoothed,212,214,1,0.003039513677776995
KSJC/val,smoothed,214,216,0,0.0
KSJC/val,smoothed,216,218,1,0.003039513677776995
KSJC/val,smoothed,218,220,0,0.0
KSJC/val,smoothed,220,222,0,0.0
KSJC/val,smoothed,222,224,1,0.003039513677776995
KSJC/val,smoothed,224,226,0,0.0
KSJC/val,smoothed,226,228,0,0.0
KSJC/val,smoothed,228,230,1,0.003039513677776995
KSJC/val,smoothed,230,232,0,0.0
KSJC/val,smoothed,232,234,0,0.0
KSJC/val,smoothed,234,236,1,0.003039513677776995
KSJC/val,smoothed,236,238,0,0.0
KSJC/val,smoothed,238,240,0,0.0
KSJC/val,smoothed,240,242,1,0.0030395136780043686
KSJC/val,smoothed,242,244,0,0.0
KSJC/val,smoothed,244,246,1,0.003039513677776995
KSJC/val,smoothed,246,248,0,0.0
KSJC/val,smoothed,248,250,0,0.0
KSJC/val,smoothed,250,252,1,0.003039513677776995
KSJC/val,smoothed,252,254,0,0.0
KSJC/val,smoothed,254,256,0,0.0
KSJC/val,smoothed,256,258,1,0.003039513677776995
KSJC/val,smoothed,258,260,0,0.0
KSJC/val,smoothed,260,262,13,0.0455927051668823
KSJC/val,smoothed,262,264,4,0.0141843971630351
KSJC/val,smoothed,264,266,2,0.007092198581631237
KSJC/val,smoothed,266,268,3,0.010131712259180858
KSJC/val,smoothed,268,270,1,0.0035460992908156186
KSJC/val,smoothed,270,272,2,0.0065856129685926135
KSJC/val,smoothed,272,274,2,0.0070921985814038635
KSJC/val,smoothed,274,276,2,0.006585612968819987
KSJC/val,smoothed,276,278,27,0.09320127170440173
KSJC/val,smoothed,278,280,5,0.01702826398354773
KSJC/val,smoothed,280,282,4,0.013482164692732113
KSJC/val,smoothed,282,284,3,0.010033888830548676
KSJC/val,smoothed,284,286,11,0.03485658386603063
KSJC/val,smoothed,286,288,2,0.006487789539960431
KSJC/val,smoothed,288,290,5,0.017028263983320358
KSJC/val,smoothed,290,292,2,0.0065856129685926135
KSJC/val,smoothed,292,294,3,0.010442651014955118
KSJC/val,smoothed,294,296,54,0.155104117698329
KSJC/val,smoothed,296,298,5,0.014755315840602634
KSJC/val,smoothed,298,300,5,0.01568740881998565
KSJC/val,smoothed,300,302,15,0.05180197448771651
KSJC/val,smoothed,302,304,12,0.04326540220336028
KSJC/val,smoothed,304,306,17,0.062280188309387086
KSJC/val,smoothed,306,308,20,0.07294434334312427
KSJC/val,smoothed,308,310,90,0.35705372148504466
KSJC/val,smoothed,310,312,2557,9.352200826881472
KSJC/val,smoothed,312,314,234,0.850096726862148
KSJC/val,smoothed,314,316,91,0.33673474876582077
KSJC/val,smoothed,316,318,154,0.534066857223479
KSJC/val,smoothed,318,320,77,0.2803951625414811
KSJC/val,smoothed,320,322,47,0.18425116055323087
KSJC/val,smoothed,322,324,127,0.4966600733228006
KSJC/val,smoothed,324,326,127,0.4893676344893265
KSJC/val,smoothed,326,328,166,0.6263895103015784
KSJC/val,smoothed,328,330,170,0.6975955881498521
KSJC/val,smoothed,330,332,165,0.7321226259432478
KSJC/val,smoothed,332,334,219,0.9204030219414108
KSJC/val,smoothed,334,336,246,1.034520717844316
KSJC/val,smoothed,336,338,420,1.609953761487077
KSJC/val,smoothed,338,340,249,1.005252383655943
KSJC/val,smoothed,340,342,263,1.1219110959702903
KSJC/val,smoothed,342,344,3761,16.973724467939974
KSJC/val,smoothed,344,346,822,3.4225926807027918
KSJC/val,smoothed,346,348,435,1.7072422098719926
KSJC/val,smoothed,348,350,197,0.8289701976270862
KSJC/val,smoothed,350,352,177,0.7195718158893669
KSJC/val,smoothed,352,354,192,0.7808775325690931
KSJC/val,smoothed,354,356,243,1.0384940787812411
KSJC/val,smoothed,356,358,264,1.153810568198196
KSJC/val,smoothed,358,360,149,0.625947177755279
KSJC/val,relative,0,2,39377,272.2120764914557
KSJC/val,relative,2,4,502,3.2587067593730126
KSJC/val,relative,4,6,173,0.8836409796044791
KSJC/val,relative,6,8,129,0.6007544148142188
KSJC/val,relative,8,10,87,0.4556459294302613
KSJC/val,relative,10,12,91,0.481395443327699
KSJC/val,relative,12,14,78,0.40878596950489055
KSJC/val,relative,14,16,64,0.2848405265066276
KSJC/val,relative,16,18,59,0.2693720297210689
KSJC/val,relative,18,20,58,0.24715878016530723
KSJC/val,relative,20,22,67,0.29187842869475844
KSJC/val,relative,22,24,58,0.22688418330562854
KSJC/val,relative,24,26,52,0.21306261452355102
KSJC/val,relative,26,28,57,0.2262661919913853
KSJC/val,relative,28,30,63,0.24691518057881012
KSJC/val,relative,30,32,65,0.25998251437238196
KSJC/val,relative,32,34,82,0.3622925059140698
KSJC/val,relative,34,36,239,0.7425471513308253
KSJC/val,relative,36,38,79,0.27956337441059986
KSJC/val,relative,38,40,49,0.18834233366220587
KSJC/val,relative,40,42,42,0.1633517007763885
KSJC/val,relative,42,44,62,0.2605889060632194
KSJC/val,relative,44,46,48,0.18755011503844798
KSJC/val,relative,46,48,43,0.1679351787614678
KSJC/val,relative,48,50,44,0.1720977173786764
KSJC/val,relative,50,52,40,0.15429582659402286
KSJC/val,relative,52,54,43,0.1630349007047016
KSJC/val,relative,54,56,41,0.16187300686721073
KSJC/val,relative,56,58,46,0.1835761090806045
KSJC/val,relative,58,60,34,0.13048636646607292
KSJC/val,relative,60,62,47,0.18748437416854813
KSJC/val,relative,62,64,41,0.1664189813245116
KSJC/val,relative,64,66,47,0.1756895411310211
KSJC/val,relative,66,68,48,0.18551885576789573
KSJC/val,relative,68,70,48,0.19042227392316136
KSJC/val,relative,70,72,46,0.17537139249930078
KSJC/val,relative,72,74,80,0.2871356722941414
KSJC/val,relative,74,76,44,0.16415246518567983
KSJC/val,relative,76,78,54,0.20548351263209952
KSJC/val,relative,78,80,43,0.1691142254976512
KSJC/val,relative,80,82,40,0.1600050150945549
KSJC/val,relative,82,84,45,0.1630501255357899
KSJC/val,relative,84,86,74,0.26838815524894244
KSJC/val,relative,86,88,49,0.185170879808652
KSJC/val,relative,88,90,112,0.4718365108884086
KSJC/val,relative,90,92,91,0.34058775994333246
KSJC/val,relative,92,94,69,0.255962473253021
KSJC/val,relative,94,96,89,0.3403062901625731
KSJC/val,relative,96,98,69,0.2554914102025805
KSJC/val,relative,98,100,63,0.2306270210219168
KSJC/val,relative,100,102,43,0.16766619778707081
KSJC/val,relative,102,104,51,0.18876741681287967
KSJC/val,relative,104,106,44,0.1694853374971217
KSJC/val,relative,106,108,68,0.25450168824562525
KSJC/val,relative,108,110,41,0.15838233506434563
KSJC/val,relative,110,112,84,0.37575184267836903
KSJC/val,relative,112,114,52,0.21015805863470405
KSJC/val,relative,114,116,37,0.14520351447401936
KSJC/val,relative,116,118,42,0.1724753158341059
KSJC/val,relative,118,120,45,0.17678924123936213
KSJC/val,relative,120,122,46,0.17290374572866085
KSJC/val,relative,122,124,82,0.31745020047145545
KSJC/val,relative,124,126,59,0.22291592797870408
KSJC/val,relative,126,128,39,0.14836825020989863
KSJC/val,relative,128,130,47,0.1887267655569076
KSJC/val,relative,130,132,49,0.18985236643925418
KSJC/val,relative,132,134,33,0.12813343633365548
KSJC/val,relative,134,136,48,0.1994247687684947
KSJC/val,relative,136,138,62,0.2507554475408824
KSJC/val,relative,138,140,40,0.1624149119654703
KSJC/val,relative,140,142,33,0.1311836235435635
KSJC/val,relative,142,144,42,0.1703550309392199
KSJC/val,relative,144,146,61,0.2275465830094845
KSJC/val,relative,146,148,112,0.4258276771201963
KSJC/val,relative,148,150,86,0.2970468321890394
KSJC/val,relative,150,152,46,0.1885034218526016
KSJC/val,relative,152,154,46,0.181044714216398
KSJC/val,relative,154,156,51,0.20011595960761497
KSJC/val,relative,156,158,131,0.5198427903440006
KSJC/val,relative,158,160,56,0.2263688249844904
KSJC/val,relative,160,162,37,0.14110313778610362
KSJC/val,relative,162,164,41,0.16151081243998533
KSJC/val,relative,164,166,73,0.2431063181176114
KSJC/val,relative,166,168,2561,9.900972652952703
KSJC/val,relative,168,170,237,0.855807335856241
KSJC/val,relative,170,172,139,0.532045321130397
KSJC/val,relative,172,174,127,0.4422636259197361
KSJC/val,relative,174,176,150,0.5515838549688965
KSJC/val,relative,176,178,241,0.8311847456408827
KSJC/val,relative,178,180,1239,4.662384867256321
KSJC/val,relative,180,182,769,2.9384394372915494
KSJC/val,relative,182,184,109,0.3678080284160501
KSJC/val,relative,184,186,182,0.5901327886516583
KSJC/val,relative,186,188,79,0.24819552146561819
KSJC/val,relative,188,190,12,0.03528324197037591
KSJC/val,relative,190,192,82,0.21270540833870655
KSJC/val,relative,192,194,151,0.5466814881455662
KSJC/val,relative,194,196,101,0.3833496890989636
KSJC/val,relative,196,198,149,0.578546770575656
KSJC/val,relative,198,200,103,0.47637544626462613
KSJC/val,relative,200,202,124,0.5448822325582796
KSJC/val,relative,202,204,196,0.8337504286578223
KSJC/val,relative,204,206,388,1.49356907080346
KSJC/val,relative,206,208,196,0.8036243863708137
KSJC/val,relative,208,210,188,0.7946836938299953
KSJC/val,relative,210,212,875,3.9440511681225416
KSJC/val,relative,212,214,3485,15.683149107094835
KSJC/val,relative,214,216,312,1.3677849681676548
KSJC/val,relative,216,218,163,0.7066175302259126
KSJC/val,relative,218,220,147,0.6084018062849168
KSJC/val,relative,220,222,111,0.47204643485332554
KSJC/val,relative,222,224,169,0.6870163473629418
KSJC/val,relative,224,226,236,1.0707225382779484
KSJC/val,relative,226,228,132,0.5711759731076995
KSJC/val,relative,228,230,98,0.432311356224659
KSJC/val,relative,230,232,131,0.5779714529744524
KSJC/val,relative,232,234,551,2.7411527137359144
KSJC/val,relative,234,236,765,3.7187434457514996
KSJC/val,relative,236,238,176,0.8077377207570748
KSJC/val,relative,238,240,130,0.6119645008841985
KSJC/val,relative,240,242,111,0.5063714278610973
KSJC/val,relative,242,244,131,0.5870087308420011
KSJC/val,relative,244,246,122,0.5577386541615965
KSJC/val,relative,246,248,129,0.5898118618580952
KSJC/val,relative,248,250,124,0.5677269547574042
KSJC/val,relative,250,252,172,0.812137599813127
KSJC/val,relative,252,254,268,1.2728919073451266
KSJC/val,relative,254,256,6073,28.587570145757468
KSJC/val,relative,256,258,492,2.343950903770633
KSJC/val,relative,258,260,228,1.081691600742829
KSJC/val,relative,260,262,193,0.9224501063516186
KSJC/val,relative,262,264,181,0.846887611599243
KSJC/val,relative,264,266,303,1.453398481044644
KSJC/val,relative,266,268,236,1.0974841695260125
KSJC/val,relative,268,270,132,0.6249230014845466
KSJC/val,relative,270,272,141,0.6702402949101156
KSJC/val,relative,272,274,214,1.0186866444327052
KSJC/val,relative,274,276,193,0.9326647649244819
KSJC/val,relative,276,278,158,0.7891214075608559
KSJC/val,relative,278,280,131,0.6541541892473788
KSJC/val,relative,280,282,135,0.651088855546675
KSJC/val,relative,282,284,107,0.5064325418503586
KSJC/val,relative,284,286,117,0.5561024139916526
KSJC/val,relative,286,288,123,0.5843572397177468
KSJC/val,relative,288,290,132,0.6330900758656526
KSJC/val,relative,290,292,112,0.5295530832995041
KSJC/val,relative,292,294,116,0.5526923721949402
KSJC/val,relative,294,296,130,0.6190994101509659
KSJC/val,relative,296,298,141,0.6774204682048435
KSJC/val,relative,298,300,115,0.5430557826191489
KSJC/val,relative,300,302,115,0.5432504681358523
KSJC/val,relative,302,304,141,0.6732504921009763
KSJC/val,relative,304,306,137,0.6626422448225071
KSJC/val,relative,306,308,123,0.5816050620075544
KSJC/val,relative,308,310,117,0.5548514918094725
KSJC/val,relative,310,312,140,0.6724154638778828
KSJC/val,relative,312,314,145,0.6882021261585578
KSJC/val,relative,314,316,119,0.5735059389875232
KSJC/val,relative,316,318,145,0.7101885352400359
KSJC/val,relative,318,320,135,0.6625438771654899
KSJC/val,relative,320,322,142,0.6801185065534128
KSJC/val,relative,322,324,126,0.6041137037700537
KSJC/val,relative,324,326,139,0.6679731617472839
KSJC/val,relative,326,328,145,0.735701039400908
KSJC/val,relative,328,330,135,0.6686277738494368
KSJC/val,relative,330,332,202,1.0361151941228854
KSJC/val,relative,332,334,205,1.0412792187437958
KSJC/val,relative,334,336,191,1.0348130364436088
KSJC/val,relative,336,338,205,1.1008722347432354
KSJC/val,relative,338,340,165,0.8106073250677355
KSJC/val,relative,340,342,191,0.9621552784815322
KSJC/val,relative,342,344,186,0.8835889189525687
KSJC/val,relative,344,346,197,0.9423624749294959
KSJC/val,relative,346,348,202,1.051378710356289
KSJC/val,relative,348,350,207,1.0591314771334055
KSJC/val,relative,350,352,240,1.261888982537755
KSJC/val,relative,352,354,438,2.5841290445886216
KSJC/val,relative,354,356,555,3.371543457643554
KSJC/val,relative,356,358,1667,11.064350144791888
KSJC/val,relative,358,360,91213,634.1450737531151
KSTL/train,raw,0,2,6194,32.60083569279371
KSTL/train,raw,2,4,17137,69.65844473864736
KSTL/train,raw,4,6,3224,16.719715714355672
KSTL/train,raw,6,8,4328,25.681527507720347
KSTL/train,raw,8,10,2692,14.596477498374128
KSTL/train,raw,10,12,2828,16.11081099827385
KSTL/train,raw,12,14,2629,14.920318462114068
KSTL/train,raw,14,16,3292,19.663463181071222
KSTL/train,raw,16,18,2093,11.2405805595547
KSTL/train,raw,18,20,1344,6.210099124407236
KSTL/train,raw,20,22,1061,4.425845171730714
KSTL/train,raw,22,24,857,3.2632684956176092
KSTL/train,raw,24,26,841,3.299097153116435
KSTL/train,raw,26,28,923,3.657916186981282
KSTL/train,raw,28,30,954,3.726828886273921
KSTL/train,raw,30,32,912,3.542009313033361
KSTL/train,raw,32,34,874,3.391281510065795
KSTL/train,raw,34,36,772,3.0840751467927703
KSTL/train,raw,36,38,883,3.426888777993014
KSTL/train,raw,38,40,934,3.7471598668802244
KSTL/train,raw,40,42,837,3.161598087752111
KSTL/train,raw,42,44,863,3.3198538084655524
KSTL/train,raw,44,46,883,3.508763290005504
KSTL/train,raw,46,48,921,3.4995192688068073
KSTL/train,raw,48,50,1157,4.88134702508313
KSTL/train,raw,50,52,1109,4.514921532584026
KSTL/train,raw,52,54,1142,4.429028030767938
KSTL/train,raw,54,56,1600,6.293271785130742
KSTL/train,raw,56,58,2626,9.993713407568407
KSTL/train,raw,58,60,4048,15.590720487145745
KSTL/train,raw,60,62,4249,15.439797256031454
KSTL/train,raw,62,64,3038,10.94561381296262
KSTL/train,raw,64,66,2058,7.635668933660668
KSTL/train,raw,66,68,1293,4.9988701502612685
KSTL/train,raw,68,70,1165,4.629413212203929
KSTL/train,raw,70,72,984,3.7392303818854202
KSTL/train,raw,72,74,883,3.344729530357597
KSTL/train,raw,74,76,758,2.869194107413989
KSTL/train,raw,76,78,958,3.8199030993754377
KSTL/train,raw,78,80,826,3.226859921575169
KSTL/train,raw,80,82,849,3.279637422454755
KSTL/train,raw,82,84,914,3.642326378691621
KSTL/train,raw,84,86,880,3.387483879580202
KSTL/train,raw,86,88,1021,4.169623008475412
KSTL/train,raw,88,90,1157,5.028358966750602
KSTL/train,raw,90,92,1293,5.244508369644336
KSTL/train,raw,92,94,1242,5.500085048049186
KSTL/train,raw,94,96,1021,4.429950903275937
KSTL/train,raw,96,98,1092,4.671685906371522
KSTL/train,raw,98,100,2043,11.023244234193385
KSTL/train,raw,100,102,5600,38.41784859491054
KSTL/train,raw,102,104,3026,19.517325676045687
KSTL/train,raw,104,106,2831,17.928824074305453
KSTL/train,raw,106,108,2831,16.978689145875762
KSTL/train,raw,108,110,1870,10.73743788835418
KSTL/train,raw,110,112,1928,10.397762381138818
KSTL/train,raw,112,114,16514,60.384489901856796
KSTL/train,raw,114,116,16575,61.853304531724575
KSTL/train,raw,116,118,3119,15.337547380353953
KSTL/train,raw,118,120,3354,17.406628619704293
KSTL/train,raw,120,122,3958,22.894582472553793
KSTL/train,raw,122,124,3986,23.52262269050368
KSTL/train,raw,124,126,3761,21.26132074051145
KSTL/train,raw,126,128,3156,15.61569034832803
KSTL/train,raw,128,130,2588,12.18988547640879
KSTL/train,raw,130,132,2736,13.921478718686103
KSTL/train,raw,132,134,2744,13.508820244127946
KSTL/train,raw,134,136,2601,13.177709337486021
KSTL/train,raw,136,138,2727,12.947414047899542
KSTL/train,raw,138,140,2955,13.869984373328748
KSTL/train,raw,140,142,3064,14.477762788049972
KSTL/train,raw,142,144,3910,19.461116695327974
KSTL/train,raw,144,146,6954,37.68570093574931
KSTL/train,raw,146,148,158208,984.1952556635357
KSTL/train,raw,148,150,117310,552.997538388973
KSTL/train,raw,150,152,15586,63.88869491402647
KSTL/train,raw,152,154,3275,15.781017633238207
KSTL/train,raw,154,156,2220,10.845113030613902
KSTL/train,raw,156,158,1965,9.12581542148564
KSTL/train,raw,158,160,2172,9.534333387332026
KSTL/train,raw,160,162,1903,8.44621425041123
KSTL/train,raw,162,164,1572,7.168333081606306
KSTL/train,raw,164,166,1454,7.1981146610937685
KSTL/train,raw,166,168,1257,6.12028007085155
KSTL/train,raw,168,170,1367,6.734259049576394
KSTL/train,raw,170,172,1411,6.780450832461611
KSTL/train,raw,172,174,1493,7.3749694944363
KSTL/train,raw,174,176,1407,6.819094691822556
KSTL/train,raw,176,178,1493,7.00844393387888
KSTL/train,raw,178,180,1905,9.855549944855738
KSTL/train,raw,180,182,2693,14.42661510353446
KSTL/train,raw,182,184,2538,14.639278936895607
KSTL/train,raw,184,186,1830,9.666717039821378
KSTL/train,raw,186,188,1608,8.367982977758857
KSTL/train,raw,188,190,1328,6.426190592778767
KSTL/train,raw,190,192,1669,8.670478394264137
KSTL/train,raw,192,194,1411,7.17156359876526
KSTL/train,raw,194,196,1644,8.971633272789859
KSTL/train,raw,196,198,1677,8.766755277969423
KSTL/train,raw,198,200,1861,9.48545609916755
KSTL/train,raw,200,202,3189,16.403327399387308
KSTL/train,raw,202,204,16447,60.93762622538816
KSTL/train,raw,204,206,1218,7.046275794053145
KSTL/train,raw,206,208,2404,14.680422361915134
KSTL/train,raw,208,210,1170,6.8774334146064575
KSTL/train,raw,210,212,1461,9.094582746322885
KSTL/train,raw,212,214,1443,8.873512541011223
KSTL/train,raw,214,216,1540,9.352203448964246
KSTL/train,raw,216,218,1158,6.438338351481889
KSTL/train,raw,218,220,640,2.7150596340043194
KSTL/train,raw,220,222,681,3.1709833160007292
KSTL/train,raw,222,224,612,2.524153226452654
KSTL/train,raw,224,226,555,2.1386914886375052
KSTL/train,raw,226,228,638,2.527444499084595
KSTL/train,raw,228,230,636,2.406189942675155
KSTL/train,raw,230,232,852,3.511026977008896
KSTL/train,raw,232,234,791,3.0597703481689678
KSTL/train,raw,234,236,1261,4.819770966535998
KSTL/train,raw,236,238,1906,6.860941581042425
KSTL/train,raw,238,240,2832,10.430594295191895
KSTL/train,raw,240,242,2820,10.762399314884988
KSTL/train,raw,242,244,1896,7.20116586520453
KSTL/train,raw,244,246,1206,4.557135712584113
KSTL/train,raw,246,248,880,3.471870927548025
KSTL/train,raw,248,250,699,2.8399302479933795
KSTL/train,raw,250,252,557,2.1730833442916264
KSTL/train,raw,252,254,582,2.406054400973062
KSTL/train,raw,254,256,497,1.8727313088256778
KSTL/train,raw,256,258,477,1.790351927319989
KSTL/train,raw,258,260,482,1.7967718709933251
KSTL/train,raw,260,262,480,1.8003737117569472
KSTL/train,raw,262,264,530,2.0766735339493607
KSTL/train,raw,264,266,509,1.918982491488805
KSTL/train,raw,266,268,720,2.897167180618453
KSTL/train,raw,268,270,576,2.2453002672132243
KSTL/train,raw,270,272,712,2.930961520106848
KSTL/train,raw,272,274,792,3.1765757285393192
KSTL/train,raw,274,276,766,3.0084989211031825
KSTL/train,raw,276,278,712,2.906576319506712
KSTL/train,raw,278,280,798,3.296468492465465
KSTL/train,raw,280,282,761,2.991885471092246
KSTL/train,raw,282,284,655,2.487029854431057
KSTL/train,raw,284,286,693,2.724054215356773
KSTL/train,raw,286,288,802,3.3686135153711803
KSTL/train,raw,288,290,763,3.0047803959987505
KSTL/train,raw,290,292,740,3.0344126794316253
KSTL/train,raw,292,294,879,3.854718346259233
KSTL/train,raw,294,296,1094,4.961942314193038
KSTL/train,raw,296,298,1755,8.77404360727769
KSTL/train,raw,298,300,2137,11.027008135438336
KSTL/train,raw,300,302,2007,10.696760392453598
KSTL/train,raw,302,304,2125,12.111010653174617
KSTL/train,raw,304,306,1689,8.537505875883198
KSTL/train,raw,306,308,1639,7.959604034053427
KSTL/train,raw,308,310,1563,7.35405930226807
KSTL/train,raw,310,312,1517,7.181940555109122
KSTL/train,raw,312,314,1416,6.53306655385677
KSTL/train,raw,314,316,1496,7.019798740300303
KSTL/train,raw,316,318,1638,7.3797954646292965
KSTL/train,raw,318,320,1867,8.628739361706721
KSTL/train,raw,320,322,2232,9.929675950144428
KSTL/train,raw,322,324,3048,14.452878973368115
KSTL/train,raw,324,326,5866,29.99931680851887
KSTL/train,raw,326,328,217170,1106.7407691779808
KSTL/train,raw,328,330,88583,454.8376751981468
KSTL/train,raw,330,332,5591,27.262132148101955
KSTL/train,raw,332,334,3347,15.67637850234405
KSTL/train,raw,334,336,2771,12.783314605948362
KSTL/train,raw,336,338,2368,11.129512690366028
KSTL/train,raw,338,340,2448,11.033816711886175
KSTL/train,raw,340,342,2107,9.786595775188289
KSTL/train,raw,342,344,2625,12.096901389209961
KSTL/train,raw,344,346,2069,9.784647236495402
KSTL/train,raw,346,348,2396,11.015670568666792
KSTL/train,raw,348,350,2666,12.955339494274085
KSTL/train,raw,350,352,2713,13.157847075992322
KSTL/train,raw,352,354,2449,12.009185662786876
KSTL/train,raw,354,356,2871,15.032866597865905
KSTL/train,raw,356,358,3249,16.645589148491126
KSTL/train,raw,358,360,5035,25.89603313149928
KSTL/train,smoothed,0,2,6250,32.86498046838185
KSTL/train,smoothed,2,4,17215,70.07541299330632
KSTL/train,smoothed,4,6,3259,16.908672010766196
KSTL/train,smoothed,6,8,4303,25.67187468069467
KSTL/train,smoothed,8,10,2760,14.90237044836772
KSTL/train,smoothed,10,12,2812,16.108018184238574
KSTL/train,smoothed,12,14,2702,15.330865411849288
KSTL/train,smoothed,14,16,3308,19.74154136206323
KSTL/train,smoothed,16,18,2072,11.148979030965819
KSTL/train,smoothed,18,20,1336,6.223158368163638
KSTL/train,smoothed,20,22,1056,4.385130168572658
KSTL/train,smoothed,22,24,916,3.4887063326029306
KSTL/train,smoothed,24,26,833,3.2479446571126402
KSTL/train,smoothed,26,28,934,3.728224402619986
KSTL/train,smoothed,28,30,962,3.750897633060191
KSTL/train,smoothed,30,32,892,3.482415590920084
KSTL/train,smoothed,32,34,884,3.441125613319798
KSTL/train,smoothed,34,36,811,3.183762953444216
KSTL/train,smoothed,36,38,876,3.4690749122443663
KSTL/train,smoothed,38,40,954,3.748921997505022
KSTL/train,smoothed,40,42,832,3.1839025475219387
KSTL/train,smoothed,42,44,865,3.3390687290938104
KSTL/train,smoothed,44,46,939,3.683632054999862
KSTL/train,smoothed,46,48,858,3.3048451369487566
KSTL/train,smoothed,48,50,1262,5.225376937059366
KSTL/train,smoothed,50,52,1093,4.467321213873106
KSTL/train,smoothed,52,54,1186,4.5885900184622415
KSTL/train,smoothed,54,56,1645,6.476499022104122
KSTL/train,smoothed,56,58,2567,9.802757486318455
KSTL/train,smoothed,58,60,3959,15.264076203585091
KSTL/train,smoothed,60,62,4122,15.000186278511137
KSTL/train,smoothed,62,64,3002,10.867670427972655
KSTL/train,smoothed,64,66,2028,7.490888493005173
KSTL/train,smoothed,66,68,1314,5.095919816641583
KSTL/train,smoothed,68,70,1197,4.736229408725308
KSTL/train,smoothed,70,72,985,3.7457562421001853
KSTL/train,smoothed,72,74,870,3.284633845277085
KSTL/train,smoothed,74,76,854,3.249926569848469
KSTL/train,smoothed,76,78,946,3.7745395075327792
KSTL/train,smoothed,78,80,853,3.3098187984513743
KSTL/train,smoothed,80,82,883,3.4040542099975823
KSTL/train,smoothed,82,84,908,3.644078785900774
KSTL/train,smoothed,84,86,881,3.390084279483517
KSTL/train,smoothed,86,88,1030,4.208935426526921
KSTL/train,smoothed,88,90,1127,4.957941382253068
KSTL/train,smoothed,90,92,1302,5.229973988106792
KSTL/train,smoothed,92,94,1223,5.460156012385369
KSTL/train,smoothed,94,96,1038,4.476599372854878
KSTL/train,smoothed,96,98,1094,4.688105695894421
KSTL/train,smoothed,98,100,2042,11.025685436035985
KSTL/train,smoothed,100,102,5639,38.69433807679877
KSTL/train,smoothed,102,104,3135,20.037451181611516
KSTL/train,smoothed,104,106,2827,18.075180315310376
KSTL/train,smoothed,106,108,2868,17.205148372325993
KSTL/train,smoothed,108,110,1876,10.849382766826352
KSTL/train,smoothed,110,112,1889,10.26981743289707
KSTL/train,smoothed,112,114,16599,60.85436318992197
KSTL/train,smoothed,114,116,16714,62.31064195632723
KSTL/train,smoothed,116,118,3278,16.09995394715918
KSTL/train,smoothed,118,120,3391,17.505215868188657
KSTL/train,smoothed,120,122,4005,23.26952148173109
KSTL/train,smoothed,122,124,3988,23.601105684072422
KSTL/train,smoothed,124,126,3875,21.808442639181067
KSTL/train,smoothed,126,128,3190,15.836862442912093
KSTL/train,smoothed,128,130,2651,12.52827652096471
KSTL/train,smoothed,130,132,2717,13.805842922870738
KSTL/train,smoothed,132,134,2764,13.678978968970455
KSTL/train,smoothed,134,136,2716,13.686112540323506
KSTL/train,smoothed,136,138,2706,12.85341763974202
KSTL/train,smoothed,138,140,3045,14.325371417020847
KSTL/train,smoothed,140,142,3170,15.015906574566543
KSTL/train,smoothed,142,144,3969,19.557335915840895
KSTL/train,smoothed,144,146,6909,37.18690232653455
KSTL/train,smoothed,146,148,160374,999.2039876800168
KSTL/train,smoothed,148,150,113761,530.8589884844807
KSTL/train,smoothed,150,152,15366,62.632090599294315
KSTL/train,smoothed,152,154,3337,15.912210036441138
KSTL/train,smoothed,154,156,2262,11.10638143915321
KSTL/train,smoothed,156,158,2057,9.436467008454201
KSTL/train,smoothed,158,160,2171,9.565882471928944
KSTL/train,smoothed,160,162,1932,8.551224110053226
KSTL/train,smoothed,162,164,1615,7.345504905856615
KSTL/train,smoothed,164,166,1426,7.061629954496311
KSTL/train,smoothed,166,168,1279,6.244388860466188
KSTL/train,smoothed,168,170,1415,6.923751141182038
KSTL/train,smoothed,170,172,1409,6.775807456710936
KSTL/train,smoothed,172,174,1465,7.294980135685364
KSTL/train,smoothed,174,176,1477,7.140870320133217
KSTL/train,smoothed,176,178,1459,6.984170778419866
KSTL/train,smoothed,178,180,1967,10.073270001687433
KSTL/train,smoothed,180,182,2674,14.398459051065402
KSTL/train,smoothed,182,184,2529,14.647602383111462
KSTL/train,smoothed,184,186,1838,9.686246969287822
KSTL/train,smoothed,186,188,1623,8.419772659114642
KSTL/train,smoothed,188,190,1348,6.525609901992993
KSTL/train,smoothed,190,192,1695,8.826951711171205
KSTL/train,smoothed,192,194,1412,7.107495169086633
KSTL/train,smoothed,194,196,1686,9.210052685818482
KSTL/train,smoothed,196,198,1705,8.878712574455221
KSTL/train,smoothed,198,200,1922,9.813379165294464
KSTL/train,smoothed,200,202,3349,17.02861862640202
KSTL/train,smoothed,202,204,16492,61.116722719642894
KSTL/train,smoothed,204,206,1220,7.102932283797145
KSTL/train,smoothed,206,208,2437,14.873803805378884
KSTL/train,smoothed,208,210,1129,6.696359558808126
KSTL/train,smoothed,210,212,1517,9.383920118503283
KSTL/train,smoothed,212,214,1466,9.022159872440625
KSTL/train,smoothed,214,216,1535,9.394326829561578
KSTL/train,smoothed,216,218,1161,6.403973729733934
KSTL/train,smoothed,218,220,630,2.692950573555663
KSTL/train,smoothed,220,222,717,3.312290036848026
KSTL/train,smoothed,222,224,601,2.4641829640104334
KSTL/train,smoothed,224,226,586,2.254349020580321
KSTL/train,smoothed,226,228,638,2.5250994809853182
KSTL/train,smoothed,228,230,662,2.506735771225067
KSTL/train,smoothed,230,232,841,3.4801827053597663
KSTL/train,smoothed,232,234,821,3.1440631743530503
KSTL/train,smoothed,234,236,1258,4.853350422145013
KSTL/train,smoothed,236,238,1871,6.708251182328695
KSTL/train,smoothed,238,240,2766,10.226357072679548
KSTL/train,smoothed,240,242,2762,10.563834696787126
KSTL/train,smoothed,242,244,1901,7.2158084054754
KSTL/train,smoothed,244,246,1200,4.562840585158483
KSTL/train,smoothed,246,248,878,3.4652779172929513
KSTL/train,smoothed,248,250,739,2.9963621053220777
KSTL/train,smoothed,250,252,559,2.173193547759638
KSTL/train,smoothed,252,254,605,2.4864805313632132
KSTL/train,smoothed,254,256,492,1.8720548642818358
KSTL/train,smoothed,256,258,497,1.8622096731328384
KSTL/train,smoothed,258,260,495,1.855753836879103
KSTL/train,smoothed,260,262,475,1.7750053188533457
KSTL/train,smoothed,262,264,542,2.116230335023374
KSTL/train,smoothed,264,266,525,2.0044386541489985
KSTL/train,smoothed,266,268,727,2.9134091861265006
KSTL/train,smoothed,268,270,566,2.2217012670580516
KSTL/train,smoothed,270,272,691,2.8465731507790224
KSTL/train,smoothed,272,274,832,3.3193012429373994
KSTL/train,smoothed,274,276,742,2.945595464835151
KSTL/train,smoothed,276,278,726,2.952974325460218
KSTL/train,smoothed,278,280,813,3.356575972885821
KSTL/train,smoothed,280,282,729,2.8819340848654065
KSTL/train,smoothed,282,284,687,2.5944994701158066
KSTL/train,smoothed,284,286,713,2.8488536561653746
KSTL/train,smoothed,286,288,771,3.193756298738208
KSTL/train,smoothed,288,290,793,3.158459701513948
KSTL/train,smoothed,290,292,701,2.8878972363650064
KSTL/train,smoothed,292,294,916,4.001369141708892
KSTL/train,smoothed,294,296,1102,5.008867574254964
KSTL/train,smoothed,296,298,1757,8.82551777296976
KSTL/train,smoothed,298,300,2114,10.933155349882782
KSTL/train,smoothed,300,302,2024,10.814159391899466
KSTL/train,smoothed,302,304,2141,12.26664943965443
KSTL/train,smoothed,304,306,1714,8.637457349858323
KSTL/train,smoothed,306,308,1648,7.976277671762091
KSTL/train,smoothed,308,310,1616,7.595096515768546
KSTL/train,smoothed,310,312,1514,7.227561862865059
KSTL/train,smoothed,312,314,1458,6.623605233738999
KSTL/train,smoothed,314,316,1454,6.904380218301867
KSTL/train,smoothed,316,318,1705,7.689553925615655
KSTL/train,smoothed,318,320,1831,8.458317046928642
KSTL/train,smoothed,320,322,2284,10.217701450401364
KSTL/train,smoothed,322,324,3077,14.426844663967131
KSTL/train,smoothed,324,326,5780,29.458285734835044
KSTL/train,smoothed,326,328,219866,1121.8517717695017
KSTL/train,smoothed,328,330,84353,432.5048859184508
KSTL/train,smoothed,330,332,5582,27.086837316785022
KSTL/train,smoothed,332,334,3433,16.10302549330754
KSTL/train,smoothed,334,336,2782,12.825614093510012
KSTL/train,smoothed,336,338,2426,11.339302949796547
KSTL/train,smoothed,338,340,2493,11.359171484083163
KSTL/train,smoothed,340,342,2137,9.89881878923552
KSTL/train,smoothed,342,344,2631,12.094284093207534
KSTL/train,smoothed,344,346,2141,10.251609988467862
KSTL/train,smoothed,346,348,2395,11.01730179549395
KSTL/train,smoothed,348,350,2790,13.517419459528355
KSTL/train,smoothed,350,352,2702,13.16237458148862
KSTL/train,smoothed,352,354,2519,12.304416990546997
KSTL/train,smoothed,354,356,2899,15.157506945883142
KSTL/train,smoothed,356,358,3326,17.072899303206214
KSTL/train,smoothed,358,360,5059,26.16551882116346
KSTL/train,relative,0,2,85085,491.65393100710764
KSTL/train,relative,2,4,7067,40.93854060342551
KSTL/train,relative,4,6,3706,21.09937604496679
KSTL/train,relative,6,8,2727,15.541974687558536
KSTL/train,relative,8,10,2343,13.023055590227955
KSTL/train,relative,10,12,2050,11.57832651394483
KSTL/train,relative,12,14,1920,10.62272896861191
KSTL/train,relative,14,16,2095,11.690091150055991
KSTL/train,relative,16,18,2100,12.016124712853752
KSTL/train,relative,18,20,1963,10.91586693545753
KSTL/train,relative,20,22,2337,13.421424486665842
KSTL/train,relative,22,24,2200,12.975022965553308
KSTL/train,relative,24,26,2272,13.280303670167427
KSTL/train,relative,26,28,2601,15.659693714174978
KSTL/train,relative,28,30,2920,17.095736969375025
KSTL/train,relative,30,32,4581,26.801927643769773
KSTL/train,relative,32,34,6241,37.390636225663684
KSTL/train,relative,34,36,4935,29.73093133806924
KSTL/train,relative,36,38,3687,21.507191766510346
KSTL/train,relative,38,40,4592,28.85518436165512
KSTL/train,relative,40,42,2829,16.565144218102773
KSTL/train,relative,42,44,3248,20.07347414360777
KSTL/train,relative,44,46,3049,18.5513837267207
KSTL/train,relative,46,48,3903,24.858153659746222
KSTL/train,relative,48,50,2719,16.60295902601638
KSTL/train,relative,50,52,1876,11.137204066175286
KSTL/train,relative,52,54,2043,12.764347445463045
KSTL/train,relative,54,56,1472,8.438453853503574
KSTL/train,relative,56,58,1337,7.568961051986889
KSTL/train,relative,58,60,1381,7.78693445697013
KSTL/train,relative,60,62,1305,7.024280006150093
KSTL/train,relative,62,64,1749,10.30991423975513
KSTL/train,relative,64,66,1688,10.034073547845082
KSTL/train,relative,66,68,1746,10.33244789247783
KSTL/train,relative,68,70,1322,7.145863022982439
KSTL/train,relative,70,72,788,3.415116712899362
KSTL/train,relative,72,74,758,3.491228647347498
KSTL/train,relative,74,76,631,2.4775229802396552
KSTL/train,relative,76,78,652,2.5103476871272505
KSTL/train,relative,78,80,615,2.4720416361340085
KSTL/train,relative,80,82,820,3.4217794144847176
KSTL/train,relative,82,84,827,3.6159724401288713
KSTL/train,relative,84,86,781,3.029918043299631
KSTL/train,relative,86,88,1173,5.03258469951038
KSTL/train,relative,88,90,1365,5.304195210013631
KSTL/train,relative,90,92,2201,8.832492951207769
KSTL/train,relative,92,94,2690,9.639289579271917
KSTL/train,relative,94,96,2315,8.257820682185411
KSTL/train,relative,96,98,1784,6.575965153049765
KSTL/train,relative,98,100,1025,3.6485578318481657
KSTL/train,relative,100,102,896,3.283266699319938
KSTL/train,relative,102,104,709,2.59205794033619
KSTL/train,relative,104,106,616,2.29563066618266
KSTL/train,relative,106,108,546,1.9481269024715857
KSTL/train,relative,108,110,616,2.2182625172160897
KSTL/train,relative,110,112,526,1.92428275573252
KSTL/train,relative,112,114,519,1.8504430000568846
KSTL/train,relative,114,116,501,1.7575355612209478
KSTL/train,relative,116,118,550,1.9994612747773317
KSTL/train,relative,118,120,641,2.4667287145562113
KSTL/train,relative,120,122,607,2.3074011085625443
KSTL/train,relative,122,124,784,3.0047398585579685
KSTL/train,relative,124,126,618,2.3519126962871724
KSTL/train,relative,126,128,583,2.1423930462242424
KSTL/train,relative,128,130,525,1.8668255315790248
KSTL/train,relative,130,132,600,2.1087020543127437
KSTL/train,relative,132,134,621,2.3369311001970345
KSTL/train,relative,134,136,557,1.9580622432342807
KSTL/train,relative,136,138,500,1.728171880988839
KSTL/train,relative,138,140,819,3.1227932193705783
KSTL/train,relative,140,142,588,2.0933911643235206
KSTL/train,relative,142,144,580,2.078609030681946
KSTL/train,relative,144,146,23658,81.93631152953208
KSTL/train,relative,146,148,6890,23.873011402403563
KSTL/train,relative,148,150,1564,5.465423010701443
KSTL/train,relative,150,152,1520,5.51189378796812
KSTL/train,relative,152,154,1220,4.261995772889122
KSTL/train,relative,154,156,1075,3.758654215027491
KSTL/train,relative,156,158,1603,5.526735714978713
KSTL/train,relative,158,160,1971,7.01055081731397
KSTL/train,relative,160,162,1718,6.052337095932671
KSTL/train,relative,162,164,1415,4.949047568144806
KSTL/train,relative,164,166,1555,5.472300899904667
KSTL/train,relative,166,168,1452,5.090243822707862
KSTL/train,relative,168,170,1888,6.491858988335707
KSTL/train,relative,170,172,2069,7.1408571531719645
KSTL/train,relative,172,174,2173,7.406701862998943
KSTL/train,relative,174,176,2553,8.791591687877144
KSTL/train,relative,176,178,3257,11.236105440153779
KSTL/train,relative,178,180,69895,248.279979664336
KSTL/train,relative,180,182,78569,271.9504345141968
KSTL/train,relative,182,184,11292,38.77986403167233
KSTL/train,relative,184,186,2987,10.526125073609819
KSTL/train,relative,186,188,2236,7.986879087418856
KSTL/train,relative,188,190,2116,7.5824456271018335
KSTL/train,relative,190,192,2647,9.49035631089032
KSTL/train,relative,192,194,2010,7.277317756497723
KSTL/train,relative,194,196,2137,7.6647065492009006
KSTL/train,relative,196,198,1497,5.455848130648064
KSTL/train,relative,198,200,1623,5.905886768011214
KSTL/train,relative,200,202,1868,6.957447255851321
KSTL/train,relative,202,204,1916,7.11085789064532
KSTL/train,relative,204,206,1720,6.327892783100879
KSTL/train,relative,206,208,1710,6.2760442324263295
KSTL/train,relative,208,210,1834,6.659058743056903
KSTL/train,relative,210,212,2281,8.494496158227093
KSTL/train,relative,212,214,2657,9.937958364393353
KSTL/train,relative,214,216,14530,54.08957247987382
KSTL/train,relative,216,218,1912,7.17404452905248
KSTL/train,relative,218,220,1316,5.0481296074758575
KSTL/train,relative,220,222,1275,4.841798301350536
KSTL/train,relative,222,224,1198,4.465673944195714
KSTL/train,relative,224,226,1046,3.831937694211774
KSTL/train,relative,226,228,1065,3.83536360496646
KSTL/train,relative,228,230,1164,4.228422377331299
KSTL/train,relative,230,232,1466,5.4341438157034645
KSTL/train,relative,232,234,2493,9.138354747452922
KSTL/train,relative,234,236,15732,55.313621850424624
KSTL/train,relative,236,238,662,2.491095610159391
KSTL/train,relative,238,240,617,2.307530562806278
KSTL/train,relative,240,242,694,2.7760149533805816
KSTL/train,relative,242,244,616,2.3100036493960943
KSTL/train,relative,244,246,670,2.494459176946293
KSTL/train,relative,246,248,594,2.2055792007731725
KSTL/train,relative,248,250,695,2.6066912674527885
KSTL/train,relative,250,252,766,2.9257752584258014
KSTL/train,relative,252,254,814,3.061019333715194
KSTL/train,relative,254,256,804,3.185462176061719
KSTL/train,relative,256,258,901,3.5645792755503862
KSTL/train,relative,258,260,849,3.2312833918404067
KSTL/train,relative,260,262,1112,4.37106802314247
KSTL/train,relative,262,264,1110,4.339585298978363
KSTL/train,relative,264,266,1202,4.6149253640705865
KSTL/train,relative,266,268,1719,6.385858082788673
KSTL/train,relative,268,270,2931,10.640205165762382
KSTL/train,relative,270,272,4486,16.684873850124404
KSTL/train,relative,272,274,4174,15.738189974315446
KSTL/train,relative,274,276,2778,10.557078787850969
KSTL/train,relative,276,278,1550,5.928536735135367
KSTL/train,relative,278,280,1235,5.141256783794233
KSTL/train,relative,280,282,1066,4.539266914245218
KSTL/train,relative,282,284,839,3.332671356625724
KSTL/train,relative,284,286,860,3.4716853352897488
KSTL/train,relative,286,288,815,3.2397698195436533
KSTL/train,relative,288,290,833,3.425200219699491
KSTL/train,relative,290,292,831,3.263826910314947
KSTL/train,relative,292,294,818,3.254896499903225
KSTL/train,relative,294,296,958,4.023643992735288
KSTL/train,relative,296,298,838,3.3188281799284596
KSTL/train,relative,298,300,1116,4.636676082755002
KSTL/train,relative,300,302,1124,5.015104976741895
KSTL/train,relative,302,304,1245,5.269472456186577
KSTL/train,relative,304,306,1400,6.278137182653609
KSTL/train,relative,306,308,1192,5.27736361070356
KSTL/train,relative,308,310,1313,5.724522048122253
KSTL/train,relative,310,312,2584,14.81109575866958
KSTL/train,relative,312,314,5785,39.32849091722346
KSTL/train,relative,314,316,3088,19.311355845056823
KSTL/train,relative,316,318,3097,19.538539433124697
KSTL/train,relative,318,320,2705,16.574429212021187
KSTL/train,relative,320,322,2103,11.951800208394616
KSTL/train,relative,322,324,2037,11.241719453687892
KSTL/train,relative,324,326,2204,11.650081627296458
KSTL/train,relative,326,328,2584,14.58571605619818
KSTL/train,relative,328,330,3414,19.225676394927177
KSTL/train,relative,330,332,4040,23.332184193079684
KSTL/train,relative,332,334,4909,30.496446014191406
KSTL/train,relative,334,336,5088,32.54225074869373
KSTL/train,relative,336,338,3819,23.510855231172172
KSTL/train,relative,338,340,2809,16.462121822748486
KSTL/train,relative,340,342,2546,14.030858448758863
KSTL/train,relative,342,344,2862,16.423788127506214
KSTL/train,relative,344,346,2651,14.798898752580499
KSTL/train,relative,346,348,2674,15.248578615726274
KSTL/train,relative,348,350,2641,14.515833191881029
KSTL/train,relative,350,352,2764,15.376504864863819
KSTL/train,relative,352,354,3313,18.19213901164403
KSTL/train,relative,354,356,4702,26.21542150674759
KSTL/train,relative,356,358,10212,60.36643543965738
KSTL/train,relative,358,360,348045,2086.444132604731
KSTL/val,raw,0,2,1251,6.433407971394972
KSTL/val,raw,2,4,3146,12.827541895978241
KSTL/val,raw,4,6,611,3.028794880270869
KSTL/val,raw,6,8,1140,6.9260469471516615
KSTL/val,raw,8,10,466,2.2329999501750315
KSTL/val,raw,10,12,573,3.0959108021238464
KSTL/val,raw,12,14,654,3.8660497378124887
KSTL/val,raw,14,16,796,4.877342048754869
KSTL/val,raw,16,18,518,2.6712554451632897
KSTL/val,raw,18,20,482,2.3529810303496816
KSTL/val,raw,20,22,281,1.2191442544791258
KSTL/val,raw,22,24,328,1.3450545823687747
KSTL/val,raw,24,26,188,0.703892262018158
KSTL/val,raw,26,28,175,0.6646538611786355
KSTL/val,raw,28,30,182,0.6800362715161583
KSTL/val,raw,30,32,207,0.7806686642559981
KSTL/val,raw,32,34,162,0.6022521595270476
KSTL/val,raw,34,36,157,0.595753631903186
KSTL/val,raw,36,38,163,0.606349088722439
KSTL/val,raw,38,40,175,0.6710312259820768
KSTL/val,raw,40,42,187,0.7510887859028088
KSTL/val,raw,42,44,178,0.6657475261088877
KSTL/val,raw,44,46,170,0.6678273202961549
KSTL/val,raw,46,48,172,0.6922423988797348
KSTL/val,raw,48,50,197,0.7315515062928597
KSTL/val,raw,50,52,256,0.9543848084986664
KSTL/val,raw,52,54,233,0.8198339117695213
KSTL/val,raw,54,56,316,1.175004303886361
KSTL/val,raw,56,58,529,1.9738974947189902
KSTL/val,raw,58,60,827,3.2213480153475302
KSTL/val,raw,60,62,792,2.9236914143150443
KSTL/val,raw,62,64,717,2.5529029514357546
KSTL/val,raw,64,66,420,1.5268117468692566
KSTL/val,raw,66,68,222,0.8116162643726597
KSTL/val,raw,68,70,225,0.8189386556286138
KSTL/val,raw,70,72,230,0.8494633650014123
KSTL/val,raw,72,74,157,0.578182101287311
KSTL/val,raw,74,76,188,0.7165711512932234
KSTL/val,raw,76,78,283,1.222598338406769
KSTL/val,raw,78,80,200,0.7737246313871964
KSTL/val,raw,80,82,221,0.8722136889277721
KSTL/val,raw,82,84,174,0.667037396135683
KSTL/val,raw,84,86,150,0.5679701987482986
KSTL/val,raw,86,88,262,1.028259067345786
KSTL/val,raw,88,90,196,0.7130848388893583
KSTL/val,raw,90,92,225,0.8573748086198947
KSTL/val,raw,92,94,249,0.8583782561170494
KSTL/val,raw,94,96,235,1.0402529626462638
KSTL/val,raw,96,98,241,0.8899665350058683
KSTL/val,raw,98,100,328,1.7979938492961196
KSTL/val,raw,100,102,816,5.431212357044359
KSTL/val,raw,102,104,681,4.57969060304282
KSTL/val,raw,104,106,976,6.344043368032672
KSTL/val,raw,106,108,601,3.737506640149789
KSTL/val,raw,108,110,350,1.8850431246284245
KSTL/val,raw,110,112,330,1.7074346691566404
KSTL/val,raw,112,114,3502,12.323376134443151
KSTL/val,raw,114,116,3585,12.999662406270744
KSTL/val,raw,116,118,742,3.321098551569264
KSTL/val,raw,118,120,771,4.068383179792022
KSTL/val,raw,120,122,841,4.934200959220817
KSTL/val,raw,122,124,785,4.382757550391858
KSTL/val,raw,124,126,679,3.8089925342089543
KSTL/val,raw,126,128,604,2.7662766702382555
KSTL/val,raw,128,130,584,2.8080316714865887
KSTL/val,raw,130,132,475,2.4017702513584993
KSTL/val,raw,132,134,529,2.6299124263443616
KSTL/val,raw,134,136,506,2.3351228084130753
KSTL/val,raw,136,138,554,2.511716175617863
KSTL/val,raw,138,140,807,3.515902375222595
KSTL/val,raw,140,142,905,3.9480353269235877
KSTL/val,raw,142,144,722,3.4297005703781736
KSTL/val,raw,144,146,1300,7.028626436683709
KSTL/val,raw,146,148,31993,195.5603935649407
KSTL/val,raw,148,150,23414,109.2476913246071
KSTL/val,raw,150,152,3182,13.013566559580397
KSTL/val,raw,152,154,636,3.1066269936407593
KSTL/val,raw,154,156,499,2.458266140232695
KSTL/val,raw,156,158,361,1.6894616647940666
KSTL/val,raw,158,160,455,1.9203430907629127
KSTL/val,raw,160,162,439,1.8403280992353075
KSTL/val,raw,162,164,308,1.4469587724178155
KSTL/val,raw,164,166,246,1.2066685037713114
KSTL/val,raw,166,168,204,0.9199001993367801
KSTL/val,raw,168,170,211,0.946145408661323
KSTL/val,raw,170,172,228,1.0046417298812003
KSTL/val,raw,172,174,224,1.0811558123035638
KSTL/val,raw,174,176,216,0.9866366509459112
KSTL/val,raw,176,178,264,1.3406136612925366
KSTL/val,raw,178,180,519,2.533376645680846
KSTL/val,raw,180,182,444,2.3934205770081007
KSTL/val,raw,182,184,604,3.425859573455
KSTL/val,raw,184,186,363,1.9205134650524087
KSTL/val,raw,186,188,248,1.1895916428921964
KSTL/val,raw,188,190,244,1.0894785091796848
KSTL/val,raw,190,192,287,1.2567704877418464
KSTL/val,raw,192,194,282,1.4983972460603354
KSTL/val,raw,194,196,330,1.817234112052006
KSTL/val,raw,196,198,277,1.2836608315918738
KSTL/val,raw,198,200,310,1.366076435252353
KSTL/val,raw,200,202,579,2.8623361962288527
KSTL/val,raw,202,204,3216,11.884745869771677
KSTL/val,raw,204,206,187,0.9849788715525847
KSTL/val,raw,206,208,302,1.75969714758196
KSTL/val,raw,208,210,353,2.1685386797603314
KSTL/val,raw,210,212,261,1.5277544282528197
KSTL/val,raw,212,214,303,1.905576025264054
KSTL/val,raw,214,216,383,2.4328915196186927
KSTL/val,raw,216,218,162,0.8736978923718652
KSTL/val,raw,218,220,190,0.8607438480804603
KSTL/val,raw,220,222,105,0.389344615753771
KSTL/val,raw,222,224,121,0.47133183289508906
KSTL/val,raw,224,226,196,1.0698565619640021
KSTL/val,raw,226,228,138,0.6290256495337871
KSTL/val,raw,228,230,105,0.38677928619335944
KSTL/val,raw,230,232,141,0.5634882969026194
KSTL/val,raw,232,234,196,0.8029841354018572
KSTL/val,raw,234,236,244,0.8527540918914838
KSTL/val,raw,236,238,406,1.4236975807991712
KSTL/val,raw,238,240,517,1.8324142281753666
KSTL/val,raw,240,242,479,1.7614411217983843
KSTL/val,raw,242,244,404,1.4926761495622713
KSTL/val,raw,244,246,210,0.7838505380344714
KSTL/val,raw,246,248,132,0.47977974956563685
KSTL/val,raw,248,250,116,0.42895513351822956
KSTL/val,raw,250,252,112,0.4181802242417234
KSTL/val,raw,252,254,132,0.5569492150505084
KSTL/val,raw,254,256,150,0.6203616425279961
KSTL/val,raw,256,258,121,0.45898225906796597
KSTL/val,raw,258,260,108,0.38787949919787934
KSTL/val,raw,260,262,99,0.3747586415765909
KSTL/val,raw,262,264,90,0.33770490003848863
KSTL/val,raw,264,266,111,0.41540409903518594
KSTL/val,raw,266,268,101,0.39758685563720064
KSTL/val,raw,268,270,136,0.5299673690966529
KSTL/val,raw,270,272,132,0.5168475451844188
KSTL/val,raw,272,274,112,0.42615213898420734
KSTL/val,raw,274,276,103,0.38545226356723106
KSTL/val,raw,276,278,109,0.37503648463007266
KSTL/val,raw,278,280,184,0.603945769625625
KSTL/val,raw,280,282,200,0.8693588979207334
KSTL/val,raw,282,284,108,0.38568937430682126
KSTL/val,raw,284,286,111,0.42106552638222183
KSTL/val,raw,286,288,142,0.5292502032534685
KSTL/val,raw,288,290,124,0.4564224524447127
KSTL/val,raw,290,292,143,0.6160652852988733
KSTL/val,raw,292,294,197,0.7466674683776091
KSTL/val,raw,294,296,243,0.8807322315058173
KSTL/val,raw,296,298,246,1.1456007829295913
KSTL/val,raw,298,300,277,1.1937473304442392
KSTL/val,raw,300,302,309,1.4592515524319651
KSTL/val,raw,302,304,435,2.4200456362359546
KSTL/val,raw,304,306,279,1.3734422913732942
KSTL/val,raw,306,308,267,1.1156479210787893
KSTL/val,raw,308,310,274,1.297657966517363
KSTL/val,raw,310,312,231,0.9744156501171801
KSTL/val,raw,312,314,252,1.0634461211105872
KSTL/val,raw,314,316,236,1.000194049143147
KSTL/val,raw,316,318,301,1.445000058055598
KSTL/val,raw,318,320,340,1.678277075713595
KSTL/val,raw,320,322,386,1.8552393532251017
KSTL/val,raw,322,324,508,2.297600707955098
KSTL/val,raw,324,326,1161,5.595566955043864
KSTL/val,raw,326,328,42971,214.5399795629496
KSTL/val,raw,328,330,17082,85.32319663395879
KSTL/val,raw,330,332,1176,5.237672437821288
KSTL/val,raw,332,334,654,3.0612344262319766
KSTL/val,raw,334,336,612,2.776678198004788
KSTL/val,raw,336,338,545,2.4723015669435426
KSTL/val,raw,338,340,537,2.3818075888442536
KSTL/val,raw,340,342,599,2.6483282638351966
KSTL/val,raw,342,344,457,2.096551942262181
KSTL/val,raw,344,346,454,2.0460175623101122
KSTL/val,raw,346,348,400,1.9443299669562748
KSTL/val,raw,348,350,440,2.164335871131243
KSTL/val,raw,350,352,543,2.7047775711891973
KSTL/val,raw,352,354,479,2.173374300724049
KSTL/val,raw,354,356,643,3.0396467437209367
KSTL/val,raw,356,358,725,3.904435840313795
KSTL/val,raw,358,360,1151,5.886998776525502
KSTL/val,smoothed,0,2,1270,6.5070256746024
KSTL/val,smoothed,2,4,3145,12.837433329216957
KSTL/val,smoothed,4,6,646,3.181389222363574
KSTL/val,smoothed,6,8,1125,6.8929835435659434
KSTL/val,smoothed,8,10,478,2.302656385294167
KSTL/val,smoothed,10,12,574,3.1106565159063493
KSTL/val,smoothed,12,14,665,3.9222103070855994
KSTL/val,smoothed,14,16,797,4.868221368219601
KSTL/val,smoothed,16,18,505,2.621999449045127
KSTL/val,smoothed,18,20,496,2.4160146457837826
KSTL/val,smoothed,20,22,284,1.2431075012650012
KSTL/val,smoothed,22,24,327,1.3165564092511204
KSTL/val,smoothed,24,26,187,0.7337106965685365
KSTL/val,smoothed,26,28,158,0.5832813548589684
KSTL/val,smoothed,28,30,193,0.7187414494879647
KSTL/val,smoothed,30,32,196,0.7472172456049435
KSTL/val,smoothed,32,34,185,0.6918807795257749
KSTL/val,smoothed,34,36,158,0.587886933064695
KSTL/val,smoothed,36,38,162,0.6121469294520807
KSTL/val,smoothed,38,40,173,0.6658744708309854
KSTL/val,smoothed,40,42,191,0.7558727733079067
KSTL/val,smoothed,42,44,173,0.6540283693772935
KSTL/val,smoothed,44,46,179,0.6957245549312674
KSTL/val,smoothed,46,48,198,0.8001989465859864
KSTL/val,smoothed,48,50,181,0.6594489377787909
KSTL/val,smoothed,50,52,258,0.9600391015007546
KSTL/val,smoothed,52,54,251,0.9072166631518144
KSTL/val,smoothed,54,56,323,1.1886372770126883
KSTL/val,smoothed,56,58,495,1.8489925171974875
KSTL/val,smoothed,58,60,842,3.2761445115019967
KSTL/val,smoothed,60,62,759,2.807598093839914
KSTL/val,smoothed,62,64,699,2.4942558078708146
KSTL/val,smoothed,64,66,425,1.5544996021110649
KSTL/val,smoothed,66,68,221,0.7976160825137413
KSTL/val,smoothed,68,70,242,0.8928497028727946
KSTL/val,smoothed,70,72,198,0.736527419158179
KSTL/val,smoothed,72,74,178,0.6497497331557014
KSTL/val,smoothed,74,76,208,0.7942108628938627
KSTL/val,smoothed,76,78,279,1.202506305612829
KSTL/val,smoothed,78,80,216,0.8384897909591871
KSTL/val,smoothed,80,82,206,0.8138668755028391
KSTL/val,smoothed,82,84,177,0.6727772004295645
KSTL/val,smoothed,84,86,180,0.6799583982361668
KSTL/val,smoothed,86,88,235,0.9203177544568746
KSTL/val,smoothed,88,90,193,0.7144328335457004
KSTL/val,smoothed,90,92,239,0.9076821080298458
KSTL/val,smoothed,92,94,223,0.7657353008943346
KSTL/val,smoothed,94,96,257,1.1170580143342903
KSTL/val,smoothed,96,98,253,0.9404476399041499
KSTL/val,smoothed,98,100,300,1.699656447383319
KSTL/val,smoothed,100,102,825,5.441777516568436
KSTL/val,smoothed,102,104,713,4.760945535021975
KSTL/val,smoothed,104,106,973,6.35792216132252
KSTL/val,smoothed,106,108,629,3.9291115372065804
KSTL/val,smoothed,108,110,313,1.6843726076675125
KSTL/val,smoothed,110,112,373,1.9128281142052401
KSTL/val,smoothed,112,114,3451,12.14104921120503
KSTL/val,smoothed,114,116,3663,13.328429538301606
KSTL/val,smoothed,116,118,764,3.309980770971123
KSTL/val,smoothed,118,120,749,4.061656736851802
KSTL/val,smoothed,120,122,876,5.042738034097312
KSTL/val,smoothed,122,124,806,4.536636653797245
KSTL/val,smoothed,124,126,664,3.731565746554452
KSTL/val,smoothed,126,128,650,2.989643110872265
KSTL/val,smoothed,128,130,567,2.760285347910923
KSTL/val,smoothed,130,132,494,2.4554725384783467
KSTL/val,smoothed,132,134,531,2.6702757485447535
KSTL/val,smoothed,134,136,510,2.3226215685805016
KSTL/val,smoothed,136,138,554,2.5149530381087573
KSTL/val,smoothed,138,140,826,3.5987168978934676
KSTL/val,smoothed,140,142,913,3.973391925230402
KSTL/val,smoothed,142,144,750,3.6006402718565482
KSTL/val,smoothed,144,146,1313,7.000439873728936
KSTL/val,smoothed,146,148,32385,198.0496781414486
KSTL/val,smoothed,148,150,22732,105.35579021422416
KSTL/val,smoothed,150,152,3157,12.758852068491706
KSTL/val,smoothed,152,154,644,3.1813052817615244
KSTL/val,smoothed,154,156,506,2.441426404548679
KSTL/val,smoothed,156,158,381,1.7670244178210623
KSTL/val,smoothed,158,160,441,1.8797737214870267
KSTL/val,smoothed,160,162,443,1.8503141174961684
KSTL/val,smoothed,162,164,315,1.5009517199982838
KSTL/val,smoothed,164,166,256,1.258109370848615
KSTL/val,smoothed,166,168,198,0.8724165240372486
KSTL/val,smoothed,168,170,221,0.9726645566777279
KSTL/val,smoothed,170,172,224,1.023104782159976
KSTL/val,smoothed,172,174,226,1.0528889931148342
KSTL/val,smoothed,174,176,214,0.9893307781578642
KSTL/val,smoothed,176,178,282,1.433120757123902
KSTL/val,smoothed,178,180,513,2.5099660840979823
KSTL/val,smoothed,180,182,445,2.392506178512349
KSTL/val,smoothed,182,184,607,3.453929032313795
KSTL/val,smoothed,184,186,334,1.7645411496037013
KSTL/val,smoothed,186,188,276,1.3090418528094006
KSTL/val,smoothed,188,190,246,1.1517725130189547
KSTL/val,smoothed,190,192,306,1.3123805514926516
KSTL/val,smoothed,192,194,285,1.531899870620805
KSTL/val,smoothed,194,196,345,1.8887294767199592
KSTL/val,smoothed,196,198,251,1.1244166778011504
KSTL/val,smoothed,198,200,336,1.5163579240332865
KSTL/val,smoothed,200,202,611,2.9929946014535744
KSTL/val,smoothed,202,204,3219,11.89344746261986
KSTL/val,smoothed,204,206,198,1.0523209504171973
KSTL/val,smoothed,206,208,287,1.7047688591603674
KSTL/val,smoothed,208,210,375,2.249748358129864
KSTL/val,smoothed,210,212,242,1.4763838516594205
KSTL/val,smoothed,212,214,321,1.9596739404234995
KSTL/val,smoothed,214,216,386,2.4670356332882193
KSTL/val,smoothed,216,218,165,0.8949445156991942
KSTL/val,smoothed,218,220,190,0.8599059516820944
KSTL/val,smoothed,220,222,108,0.40033003571818426
KSTL/val,smoothed,222,224,112,0.4364183114629441
KSTL/val,smoothed,224,226,206,1.0984864477214842
KSTL/val,smoothed,226,228,140,0.6468808138346276
KSTL/val,smoothed,228,230,107,0.38668477049975536
KSTL/val,smoothed,230,232,139,0.5663432617750459
KSTL/val,smoothed,232,234,208,0.8314476314774311
KSTL/val,smoothed,234,236,237,0.8399857940999027
KSTL/val,smoothed,236,238,404,1.4168165744495127
KSTL/val,smoothed,238,240,492,1.7447698779656093
KSTL/val,smoothed,240,242,472,1.7363424034354011
KSTL/val,smoothed,242,244,402,1.4881215457711505
KSTL/val,smoothed,244,246,217,0.8084547567085565
KSTL/val,smoothed,246,248,135,0.4996815722059864
KSTL/val,smoothed,248,250,114,0.42102967159894433
KSTL/val,smoothed,250,252,110,0.4058580288472058
KSTL/val,smoothed,252,254,153,0.6286711081755811
KSTL/val,smoothed,254,256,146,0.6187653641239876
KSTL/val,smoothed,256,258,117,0.4292799483047247
KSTL/val,smoothed,258,260,110,0.4076855432982711
KSTL/val,smoothed,260,262,94,0.35032785280668577
KSTL/val,smoothed,262,264,101,0.3856217063215581
KSTL/val,smoothed,264,266,96,0.36045535690789166
KSTL/val,smoothed,266,268,122,0.46843751884023277
KSTL/val,smoothed,268,270,127,0.5054597201542492
KSTL/val,smoothed,270,272,123,0.46940811382398806
KSTL/val,smoothed,272,274,126,0.4863407823321495
KSTL/val,smoothed,274,276,86,0.3158163921251571
KSTL/val,smoothed,276,278,131,0.4686594906568189
KSTL/val,smoothed,278,280,170,0.5506707864904001
KSTL/val,smoothed,280,282,208,0.8883037924638302
KSTL/val,smoothed,282,284,109,0.40077450224828226
KSTL/val,smoothed,284,286,104,0.39787263336472733
KSTL/val,smoothed,286,288,158,0.5816678635034123
KSTL/val,smoothed,288,290,114,0.42688442627058976
KSTL/val,smoothed,290,292,155,0.6682147288233864
KSTL/val,smoothed,292,294,197,0.7475219013666674
KSTL/val,smoothed,294,296,227,0.8154530879222648
KSTL/val,smoothed,296,298,255,1.1849795330290362
KSTL/val,smoothed,298,300,259,1.1116369160075692
KSTL/val,smoothed,300,302,319,1.5103880023492593
KSTL/val,smoothed,302,304,446,2.461814530439483
KSTL/val,smoothed,304,306,292,1.4304726677282815
KSTL/val,smoothed,306,308,251,1.032706621350144
KSTL/val,smoothed,308,310,293,1.3889221580373032
KSTL/val,smoothed,310,312,229,0.9881732710996403
KSTL/val,smoothed,312,314,263,1.0886430856319294
KSTL/val,smoothed,314,316,232,0.9908689259152652
KSTL/val,smoothed,316,318,287,1.3816207816150836
KSTL/val,smoothed,318,320,349,1.7228104452599382
KSTL/val,smoothed,320,322,393,1.8610775670603061
KSTL/val,smoothed,322,324,525,2.419115351368987
KSTL/val,smoothed,324,326,1107,5.302218616149958
KSTL/val,smoothed,326,328,43472,217.23931379161718
KSTL/val,smoothed,328,330,16301,81.29063639603328
KSTL/val,smoothed,330,332,1162,5.171002436516915
KSTL/val,smoothed,332,334,685,3.208627866399297
KSTL/val,smoothed,334,336,637,2.919852260756329
KSTL/val,smoothed,336,338,506,2.253792811556764
KSTL/val,smoothed,338,340,594,2.693851001657208
KSTL/val,smoothed,340,342,569,2.486192712149318
KSTL/val,smoothed,342,344,469,2.157368959625387
KSTL/val,smoothed,344,346,466,2.1341361230030316
KSTL/val,smoothed,346,348,415,1.981832420093724
KSTL/val,smoothed,348,350,455,2.2664204982706906
KSTL/val,smoothed,350,352,540,2.6730363563262927
KSTL/val,smoothed,352,354,479,2.1683646295612107
KSTL/val,smoothed,354,356,658,3.15482303739509
KSTL/val,smoothed,356,358,749,4.0261937898108044
KSTL/val,smoothed,358,360,1145,5.872656711383684
KSTL/val,relative,0,2,16430,92.8969935999029
KSTL/val,relative,2,4,1421,7.8300299755441785
KSTL/val,relative,4,6,809,4.546091636584151
KSTL/val,relative,6,8,623,3.4051838660432736
KSTL/val,relative,8,10,470,2.5272627768835036
KSTL/val,relative,10,12,426,2.3126328272972785
KSTL/val,relative,12,14,361,1.941800059105958
KSTL/val,relative,14,16,408,2.1918379023039734
KSTL/val,relative,16,18,417,2.291087304136312
KSTL/val,relative,18,20,347,1.8794231727149793
KSTL/val,relative,20,22,378,2.152744286719553
KSTL/val,relative,22,24,487,2.7112613866609507
KSTL/val,relative,24,26,453,2.322436840221158
KSTL/val,relative,26,28,466,2.6026269736697714
KSTL/val,relative,28,30,698,4.2634881104791305
KSTL/val,relative,30,32,1044,5.933136234305266
KSTL/val,relative,32,34,1128,6.642192931116227
KSTL/val,relative,34,36,1011,6.063724251714831
KSTL/val,relative,36,38,744,4.123394865417623
KSTL/val,relative,38,40,1125,7.110239836001995
KSTL/val,relative,40,42,448,2.3882050677051723
KSTL/val,relative,42,44,530,3.1077797166347523
KSTL/val,relative,44,46,716,4.5171505355219495
KSTL/val,relative,46,48,905,5.882687603635532
KSTL/val,relative,48,50,525,2.943740294152292
KSTL/val,relative,50,52,425,2.3192907266398493
KSTL/val,relative,52,54,420,2.5154631016355893
KSTL/val,relative,54,56,316,1.7702518471457154
KSTL/val,relative,56,58,260,1.3159301076413215
KSTL/val,relative,58,60,260,1.4671958727570882
KSTL/val,relative,60,62,336,2.0180383393180534
KSTL/val,relative,62,64,294,1.6598398901475377
KSTL/val,relative,64,66,384,2.202693020492376
KSTL/val,relative,66,68,427,2.6173445803133575
KSTL/val,relative,68,70,187,0.9730399357200668
KSTL/val,relative,70,72,159,0.7410274415418598
KSTL/val,relative,72,74,132,0.49333634550995953
KSTL/val,relative,74,76,143,0.5707772789772605
KSTL/val,relative,76,78,233,1.2130264833064643
KSTL/val,relative,78,80,197,0.9514670123855353
KSTL/val,relative,80,82,123,0.4415224818965271
KSTL/val,relative,82,84,164,0.6694802918537448
KSTL/val,relative,84,86,205,0.8426898413290758
KSTL/val,relative,86,88,191,0.6949137418272642
KSTL/val,relative,88,90,273,1.0037211426524948
KSTL/val,relative,90,92,421,1.555386961561112
KSTL/val,relative,92,94,495,1.8013049619611081
KSTL/val,relative,94,96,539,1.842558826945492
KSTL/val,relative,96,98,403,1.429327754850675
KSTL/val,relative,98,100,191,0.661410024034069
KSTL/val,relative,100,102,157,0.5505820067357092
KSTL/val,relative,102,104,131,0.45784062930493974
KSTL/val,relative,104,106,141,0.5014818347721643
KSTL/val,relative,106,108,154,0.5704785056209403
KSTL/val,relative,108,110,148,0.5606285984893589
KSTL/val,relative,110,112,160,0.5959550680491361
KSTL/val,relative,112,114,136,0.5320719413880113
KSTL/val,relative,114,116,107,0.3816309428403315
KSTL/val,relative,116,118,120,0.43729204335912186
KSTL/val,relative,118,120,162,0.643818050176094
KSTL/val,relative,120,122,125,0.47021251796502384
KSTL/val,relative,122,124,127,0.45367371915284593
KSTL/val,relative,124,126,144,0.45488525791330403
KSTL/val,relative,126,128,124,0.4258749895657843
KSTL/val,relative,128,130,152,0.49683209654489247
KSTL/val,relative,130,132,128,0.3994514169943102
KSTL/val,relative,132,134,205,0.9095834919973527
KSTL/val,relative,134,136,112,0.3961209514132804
KSTL/val,relative,136,138,112,0.401724125780504
KSTL/val,relative,138,140,140,0.5251327484470494
KSTL/val,relative,140,142,105,0.36795901814207355
KSTL/val,relative,142,144,164,0.6135097185108975
KSTL/val,relative,144,146,5204,17.87763587975678
KSTL/val,relative,146,148,1499,5.102407222368555
KSTL/val,relative,148,150,444,1.5118355145977205
KSTL/val,relative,150,152,278,0.9493472092275965
KSTL/val,relative,152,154,290,0.9958593133389968
KSTL/val,relative,154,156,269,0.9288610993535826
KSTL/val,relative,156,158,267,0.9552730039299604
KSTL/val,relative,158,160,493,1.775045610656207
KSTL/val,relative,160,162,331,1.1537514242867246
KSTL/val,relative,162,164,303,1.051146338328067
KSTL/val,relative,164,166,282,0.9809959337032979
KSTL/val,relative,166,168,344,1.1852645806263808
KSTL/val,relative,168,170,384,1.3140018547754266
KSTL/val,relative,170,172,649,2.2865145355413574
KSTL/val,relative,172,174,628,2.1789224860344802
KSTL/val,relative,174,176,468,1.5933493223445794
KSTL/val,relative,176,178,650,2.208503466704883
KSTL/val,relative,178,180,13994,49.51573288476936
KSTL/val,relative,180,182,15736,54.25521696246193
KSTL/val,relative,182,184,2350,8.001505617687997
KSTL/val,relative,184,186,502,1.7914905186969463
KSTL/val,relative,186,188,502,1.8002960402528743
KSTL/val,relative,188,190,423,1.530960523369231
KSTL/val,relative,190,192,600,2.2130627970842625
KSTL/val,relative,192,194,652,2.4151031576886908
KSTL/val,relative,194,196,365,1.3902055686020844
KSTL/val,relative,196,198,299,1.0805817097477757
KSTL/val,relative,198,200,260,0.9339879641175344
KSTL/val,relative,200,202,285,1.0280002717382786
KSTL/val,relative,202,204,281,1.018004854743367
KSTL/val,relative,204,206,260,0.9335778734565565
KSTL/val,relative,206,208,383,1.4327155736004897
KSTL/val,relative,208,210,336,1.2166286274775189
KSTL/val,relative,210,212,569,2.1995909483451896
KSTL/val,relative,212,214,578,2.2303328633678916
KSTL/val,relative,214,216,2678,9.989155883816807
KSTL/val,relative,216,218,333,1.205058422365937
KSTL/val,relative,218,220,266,1.028888715636299
KSTL/val,relative,220,222,290,1.1549603507912707
KSTL/val,relative,222,224,349,1.3196377290911983
KSTL/val,relative,224,226,206,0.7667910817905863
KSTL/val,relative,226,228,241,0.8768425025284046
KSTL/val,relative,228,230,247,0.9281209131578976
KSTL/val,relative,230,232,424,1.7097847946762954
KSTL/val,relative,232,234,514,1.8934974234550168
KSTL/val,relative,234,236,3164,11.140395247168726
KSTL/val,relative,236,238,138,0.5224133134765907
KSTL/val,relative,238,240,115,0.4285213451813661
KSTL/val,relative,240,242,229,0.9445804823949402
KSTL/val,relative,242,244,133,0.5235386799574826
KSTL/val,relative,244,246,140,0.5257301183841037
KSTL/val,relative,246,248,134,0.5270351259550239
KSTL/val,relative,248,250,148,0.5841883150929448
KSTL/val,relative,250,252,191,0.7328907207332804
KSTL/val,relative,252,254,182,0.7172102611170885
KSTL/val,relative,254,256,136,0.5002737171024592
KSTL/val,relative,256,258,151,0.559547508926812
KSTL/val,relative,258,260,152,0.562262560250133
KSTL/val,relative,260,262,149,0.5501974679573323
KSTL/val,relative,262,264,238,0.8820372048426179
KSTL/val,relative,264,266,255,0.8893095230145036
KSTL/val,relative,266,268,351,1.267672921324845
KSTL/val,relative,268,270,599,2.1767924204570477
KSTL/val,relative,270,272,934,3.5852833571490237
KSTL/val,relative,272,274,718,2.6895307343355626
KSTL/val,relative,274,276,579,2.213597746549169
KSTL/val,relative,276,278,283,1.0819406877298547
KSTL/val,relative,278,280,184,0.696799786984343
KSTL/val,relative,280,282,203,0.7785951872876922
KSTL/val,relative,282,284,175,0.6850216970605061
KSTL/val,relative,284,286,186,0.7411594233480514
KSTL/val,relative,286,288,211,0.9039486810190169
KSTL/val,relative,288,290,230,0.9948927571872446
KSTL/val,relative,290,292,175,0.6814020675594179
KSTL/val,relative,292,294,177,0.6904442054884044
KSTL/val,relative,294,296,170,0.675880358779068
KSTL/val,relative,296,298,160,0.6185432350263227
KSTL/val,relative,298,300,194,0.7471049720955989
KSTL/val,relative,300,302,196,0.7539727259040774
KSTL/val,relative,302,304,235,0.9265566901460147
KSTL/val,relative,304,306,228,0.9166888649553471
KSTL/val,relative,306,308,181,0.7826788768442157
KSTL/val,relative,308,310,228,0.8864197455444582
KSTL/val,relative,310,312,362,2.019582112548335
KSTL/val,relative,312,314,889,5.848127067683379
KSTL/val,relative,314,316,662,4.409667708546294
KSTL/val,relative,316,318,1011,6.713014372511111
KSTL/val,relative,318,320,597,3.5866859803787747
KSTL/val,relative,320,322,331,1.7598360543583453
KSTL/val,relative,322,324,333,1.7891865549833028
KSTL/val,relative,324,326,371,1.6531353917874867
KSTL/val,relative,326,328,494,2.520078063276003
KSTL/val,relative,328,330,571,3.036507868691558
KSTL/val,relative,330,332,752,4.382031249437489
KSTL/val,relative,332,334,904,5.543995691024065
KSTL/val,relative,334,336,963,5.942444685509713
KSTL/val,relative,336,338,658,3.988036297746362
KSTL/val,relative,338,340,434,2.3525321326876565
KSTL/val,relative,340,342,514,2.9611336366241403
KSTL/val,relative,342,344,446,2.4665368129165017
KSTL/val,relative,344,346,482,2.6906123029839364
KSTL/val,relative,346,348,392,2.0698704153055587
KSTL/val,relative,348,350,482,2.7037449406814176
KSTL/val,relative,350,352,553,3.139088855176624
KSTL/val,relative,352,354,664,3.6828114704687778
KSTL/val,relative,354,356,823,4.472741599703795
KSTL/val,relative,356,358,1934,11.053476967263578
KSTL/val,relative,358,360,69170,406.7166859232251
KSMF/train,raw,0,2,1209,4.602104623293229
KSMF/train,raw,2,4,1195,4.63433337509216
KSMF/train,raw,4,6,1272,4.90253858227738
KSMF/train,raw,6,8,1160,4.612237211903265
KSMF/train,raw,8,10,918,3.5254468757238193
KSMF/train,raw,10,12,868,3.3007475124398518
KSMF/train,raw,12,14,850,3.4161487161239172
KSMF/train,raw,14,16,848,3.336444665386754
KSMF/train,raw,16,18,865,3.5148796671591924
KSMF/train,raw,18,20,890,3.585732850061241
KSMF/train,raw,20,22,790,3.156240109289044
KSMF/train,raw,22,24,764,2.9330402860463494
KSMF/train,raw,24,26,962,4.037575589903156
KSMF/train,raw,26,28,1052,4.441569256234558
KSMF/train,raw,28,30,928,3.868543845109606
KSMF/train,raw,30,32,839,3.4490251957708438
KSMF/train,raw,32,34,849,3.4300195508261524
KSMF/train,raw,34,36,1149,4.927947362175033
KSMF/train,raw,36,38,1234,5.332710776088064
KSMF/train,raw,38,40,950,3.8793691009898055
KSMF/train,raw,40,42,893,3.8206753485698783
KSMF/train,raw,42,44,813,3.1166064035538312
KSMF/train,raw,44,46,1087,4.532659803810034
KSMF/train,raw,46,48,1052,4.348141506308309
KSMF/train,raw,48,50,935,3.729783093129498
KSMF/train,raw,50,52,884,3.3716744122206705
KSMF/train,raw,52,54,862,3.3541075014837247
KSMF/train,raw,54,56,990,3.868038550624192
KSMF/train,raw,56,58,919,3.518648207345464
KSMF/train,raw,58,60,727,2.781096257378195
KSMF/train,raw,60,62,701,2.6535564266101233
KSMF/train,raw,62,64,711,2.714159691002905
KSMF/train,raw,64,66,858,3.082163792335024
KSMF/train,raw,66,68,725,2.7080464486244864
KSMF/train,raw,68,70,739,2.752972477900556
KSMF/train,raw,70,72,690,2.6020512897744936
KSMF/train,raw,72,74,714,2.7451185928483426
KSMF/train,raw,74,76,1000,3.8433281187391515
KSMF/train,raw,76,78,792,3.0307708219511937
KSMF/train,raw,78,80,1395,5.057027088374838
KSMF/train,raw,80,82,3052,10.666233022070173
KSMF/train,raw,82,84,2222,7.907837714752617
KSMF/train,raw,84,86,4706,16.567765373913858
KSMF/train,raw,86,88,6162,23.392552514984658
KSMF/train,raw,88,90,44566,213.58635486057787
KSMF/train,raw,90,92,4753,22.519521021288426
KSMF/train,raw,92,94,1627,6.637457882683918
KSMF/train,raw,94,96,1486,5.704145482568265
KSMF/train,raw,96,98,2276,8.130974967406189
KSMF/train,raw,98,100,1355,5.282941020432929
KSMF/train,raw,100,102,1366,5.260292730843275
KSMF/train,raw,102,104,1494,5.717585986773486
KSMF/train,raw,104,106,2745,10.24549890279468
KSMF/train,raw,106,108,38046,138.1318659170617
KSMF/train,raw,108,110,1725,6.625259888333062
KSMF/train,raw,110,112,1366,5.485700299412429
KSMF/train,raw,112,114,1464,5.808574975042575
KSMF/train,raw,114,116,1444,6.115666029676049
KSMF/train,raw,116,118,1323,5.528901106978196
KSMF/train,raw,118,120,1234,5.043329612416983
KSMF/train,raw,120,122,1134,4.489108640989116
KSMF/train,raw,122,124,1192,4.733407313713428
KSMF/train,raw,124,126,1466,5.796802390536641
KSMF/train,raw,126,128,4131,15.366092214468836
KSMF/train,raw,128,130,34961,127.7409696657761
KSMF/train,raw,130,132,1252,4.713469444239536
KSMF/train,raw,132,134,170,1.0066515689707103
KSMF/train,raw,134,136,293,1.6520039293390028
KSMF/train,raw,136,138,502,3.2527158627787003
KSMF/train,raw,138,140,856,5.598602289293922
KSMF/train,raw,140,142,20,0.09653885494049064
KSMF/train,raw,142,144,1,0.0024038461538111733
KSMF/train,raw,144,146,9,0.024810440455894422
KSMF/train,raw,146,148,5,0.011442419491459077
KSMF/train,raw,148,150,6,0.01502925856721049
KSMF/train,raw,150,152,8,0.021784678170206462
KSMF/train,raw,152,154,4,0.009049337135365931
KSMF/train,raw,154,156,51,0.20988294408698493
KSMF/train,raw,156,158,57,0.26386290458515305
KSMF/train,raw,158,160,6,0.020860449829342542
KSMF/train,raw,160,162,13,0.04403699183637855
KSMF/train,raw,162,164,9,0.04001967774956938
KSMF/train,raw,164,166,67,0.34152044443078466
KSMF/train,raw,166,168,67,0.3421079838553851
KSMF/train,raw,168,170,16,0.07493898754262318
KSMF/train,raw,170,172,19,0.07618875413993464
KSMF/train,raw,172,174,17,0.09268541240373906
KSMF/train,raw,174,176,93,0.5425272339566618
KSMF/train,raw,176,178,117,0.6403961721014184
KSMF/train,raw,178,180,60,0.34222448832190366
KSMF/train,raw,180,182,112,0.6192641804495906
KSMF/train,raw,182,184,229,1.4082064499126545
KSMF/train,raw,184,186,517,3.2093823972300015
KSMF/train,raw,186,188,538,3.2757088566322636
KSMF/train,raw,188,190,526,2.9018832352129493
KSMF/train,raw,190,192,373,2.320752546926542
KSMF/train,raw,192,194,595,3.691869742952008
KSMF/train,raw,194,196,1192,7.744669515834062
KSMF/train,raw,196,198,4055,26.319021234695356
KSMF/train,raw,198,200,8536,55.20420795644691
KSMF/train,raw,200,202,13205,85.07017742339463
KSMF/train,raw,202,204,1544,10.164407072127233
KSMF/train,raw,204,206,1272,8.457699005434051
KSMF/train,raw,206,208,1569,10.488549557923761
KSMF/train,raw,208,210,1247,8.291038271010848
KSMF/train,raw,210,212,1202,8.054892504949976
KSMF/train,raw,212,214,7635,52.58324639894863
KSMF/train,raw,214,216,6024,38.15865697858362
KSMF/train,raw,216,218,4819,21.12502058037012
KSMF/train,raw,218,220,9334,37.70769609776403
KSMF/train,raw,220,222,2674,18.38167918232989
KSMF/train,raw,222,224,963,6.167037205379302
KSMF/train,raw,224,226,941,6.04663084517847
KSMF/train,raw,226,228,1031,6.757035658429004
KSMF/train,raw,228,230,903,5.778002118693166
KSMF/train,raw,230,232,915,5.891276878673352
KSMF/train,raw,232,234,1232,7.806465738825409
KSMF/train,raw,234,236,1696,10.984541339161751
KSMF/train,raw,236,238,1026,6.722424258855426
KSMF/train,raw,238,240,885,5.6762422871534
KSMF/train,raw,240,242,990,6.482604272275466
KSMF/train,raw,242,244,832,5.386517488349
KSMF/train,raw,244,246,860,5.67808715427509
KSMF/train,raw,246,248,862,5.344502349434379
KSMF/train,raw,248,250,799,5.155762143844413
KSMF/train,raw,250,252,800,5.150063041648991
KSMF/train,raw,252,254,850,5.394042606518951
KSMF/train,raw,254,256,876,5.473603704469497
KSMF/train,raw,256,258,1112,6.341978334974556
KSMF/train,raw,258,260,1084,6.691572596349943
KSMF/train,raw,260,262,1320,7.6814265856423845
KSMF/train,raw,262,264,2165,11.214841456286194
KSMF/train,raw,264,266,2544,13.26270655051053
KSMF/train,raw,266,268,7245,37.33475102231205
KSMF/train,raw,268,270,158960,934.8863227758618
KSMF/train,raw,270,272,14916,76.2307950057525
KSMF/train,raw,272,274,3832,17.420565446701858
KSMF/train,raw,274,276,2158,9.654300819777745
KSMF/train,raw,276,278,2228,11.431385017231605
KSMF/train,raw,278,280,1771,7.591619156506567
KSMF/train,raw,280,282,1292,5.442820888149527
KSMF/train,raw,282,284,1350,5.509233481472165
KSMF/train,raw,284,286,1237,5.148703108062364
KSMF/train,raw,286,288,1226,4.984710293126682
KSMF/train,raw,288,290,964,3.6990009932055727
KSMF/train,raw,290,292,1042,4.009967461059205
KSMF/train,raw,292,294,1235,4.676182854969738
KSMF/train,raw,294,296,1731,6.378895278989148
KSMF/train,raw,296,298,1671,6.569219601274199
KSMF/train,raw,298,300,1196,4.551851246114893
KSMF/train,raw,300,302,972,3.719297668926174
KSMF/train,raw,302,304,1050,3.9694280373882975
KSMF/train,raw,304,306,1075,4.048322186440146
KSMF/train,raw,306,308,1024,3.8087934531872634
KSMF/train,raw,308,310,1079,4.049513916202159
KSMF/train,raw,310,312,986,3.654101259062827
KSMF/train,raw,312,314,966,3.6461020925603407
KSMF/train,raw,314,316,1001,3.692917347609182
KSMF/train,raw,316,318,1006,3.8231472222014418
KSMF/train,raw,318,320,903,3.4233839139847078
KSMF/train,raw,320,322,938,3.5486683584813363
KSMF/train,raw,322,324,952,3.570371999695908
KSMF/train,raw,324,326,923,3.528898826607019
KSMF/train,raw,326,328,898,3.486649288343415
KSMF/train,raw,328,330,861,3.3278357038743707
KSMF/train,raw,330,332,920,3.628530723859967
KSMF/train,raw,332,334,874,3.320004221511226
KSMF/train,raw,334,336,856,3.285023527352223
KSMF/train,raw,336,338,856,3.2584157121327735
KSMF/train,raw,338,340,928,3.5076414904656303
KSMF/train,raw,340,342,806,3.086867232487748
KSMF/train,raw,342,344,865,3.3020093104673833
KSMF/train,raw,344,346,910,3.429656069378325
KSMF/train,raw,346,348,1031,4.067846334348815
KSMF/train,raw,348,350,934,3.515092447270945
KSMF/train,raw,350,352,956,3.654749850961707
KSMF/train,raw,352,354,1188,4.475011860050472
KSMF/train,raw,354,356,1745,6.430708636833515
KSMF/train,raw,356,358,2404,9.4769504400615
KSMF/train,raw,358,360,2112,8.040467719315075
KSMF/train,smoothed,0,2,1263,4.828431416146535
KSMF/train,smoothed,2,4,1181,4.57312103693761
KSMF/train,smoothed,4,6,1267,4.891686982239589
KSMF/train,smoothed,6,8,1152,4.565489048712877
KSMF/train,smoothed,8,10,952,3.6517908732019926
KSMF/train,smoothed,10,12,870,3.318565250776512
KSMF/train,smoothed,12,14,875,3.504293929674443
KSMF/train,smoothed,14,16,790,3.1217648798524387
KSMF/train,smoothed,16,18,896,3.6115388396171326
KSMF/train,smoothed,18,20,912,3.694425268072216
KSMF/train,smoothed,20,22,813,3.2332912622896757
KSMF/train,smoothed,22,24,752,2.909339508349099
KSMF/train,smoothed,24,26,969,4.053568153239915
KSMF/train,smoothed,26,28,1069,4.520008115624812
KSMF/train,smoothed,28,30,906,3.756485235353331
KSMF/train,smoothed,30,32,863,3.558969918647392
KSMF/train,smoothed,32,34,876,3.5347189112940214
KSMF/train,smoothed,34,36,1112,4.80633710077187
KSMF/train,smoothed,36,38,1253,5.403307997929403
KSMF/train,smoothed,38,40,940,3.8333701095727974
KSMF/train,smoothed,40,42,915,3.9298387754715804
KSMF/train,smoothed,42,44,788,3.013869496190722
KSMF/train,smoothed,44,46,1140,4.732934494314264
KSMF/train,smoothed,46,48,1006,4.175595732336731
KSMF/train,smoothed,48,50,943,3.7703783919478866
KSMF/train,smoothed,50,52,896,3.421420256118168
KSMF/train,smoothed,52,54,898,3.474748941847622
KSMF/train,smoothed,54,56,930,3.6354213265751127
KSMF/train,smoothed,56,58,943,3.6190922450272467
KSMF/train,smoothed,58,60,720,2.7544977479124526
KSMF/train,smoothed,60,62,703,2.656194440465967
KSMF/train,smoothed,62,64,722,2.739043148544212
KSMF/train,smoothed,64,66,857,3.1225728949993083
KSMF/train,smoothed,66,68,728,2.688604772726137
KSMF/train,smoothed,68,70,734,2.750470029255169
KSMF/train,smoothed,70,72,725,2.730616476885217
KSMF/train,smoothed,72,74,732,2.79591937357074
KSMF/train,smoothed,74,76,988,3.805441565488138
KSMF/train,smoothed,76,78,819,3.1217196837285712
KSMF/train,smoothed,78,80,1325,4.841954337056222
KSMF/train,smoothed,80,82,3126,10.936522649016325
KSMF/train,smoothed,82,84,2292,8.143598495486827
KSMF/train,smoothed,84,86,4717,16.565188388042912
KSMF/train,smoothed,86,88,6207,23.295387287503445
KSMF/train,smoothed,88,90,44353,213.12243435943444
KSMF/train,smoothed,90,92,4507,21.26088654059066
KSMF/train,smoothed,92,94,1645,6.702884679261899
KSMF/train,smoothed,94,96,1623,6.227324469524774
KSMF/train,smoothed,96,98,2176,7.782567055925995
KSMF/train,smoothed,98,100,1398,5.456699936273708
KSMF/train,smoothed,100,102,1400,5.386908284051742
KSMF/train,smoothed,102,104,1584,6.070562586381925
KSMF/train,smoothed,104,106,2846,10.607366979466008
KSMF/train,smoothed,106,108,37642,136.66813530579833
KSMF/train,smoothed,108,110,1835,7.007208414783236
KSMF/train,smoothed,110,112,1392,5.602720161308412
KSMF/train,smoothed,112,114,1492,5.91421870521674
KSMF/train,smoothed,114,116,1461,6.158421274094053
KSMF/train,smoothed,116,118,1348,5.674986715991622
KSMF/train,smoothed,118,120,1233,5.0444415818111565
KSMF/train,smoothed,120,122,1117,4.436051516717271
KSMF/train,smoothed,122,124,1270,5.0241502046364985
KSMF/train,smoothed,124,126,1523,6.017533685805574
KSMF/train,smoothed,126,128,4115,15.309101434992954
KSMF/train,smoothed,128,130,35264,128.90460259444194
KSMF/train,smoothed,130,132,1274,4.7740430034778
KSMF/train,smoothed,132,134,180,1.0612033349226522
KSMF/train,smoothed,134,136,292,1.6871664895143113
KSMF/train,smoothed,136,138,528,3.4019961474415368
KSMF/train,smoothed,138,140,860,5.614355380505231
KSMF/train,smoothed,140,142,13,0.07271423990403036
KSMF/train,smoothed,142,144,10,0.026476887995841025
KSMF/train,smoothed,144,146,2,0.004582495391332486
KSMF/train,smoothed,146,148,6,0.014572916255019663
KSMF/train,smoothed,148,150,8,0.02224102048239729
KSMF/train,smoothed,150,152,3,0.006309611108122226
KSMF/train,smoothed,152,154,8,0.020349544090777272
KSMF/train,smoothed,154,156,51,0.20924370237742096
KSMF/train,smoothed,156,158,54,0.25388113750136654
KSMF/train,smoothed,158,160,13,0.047754016898124974
KSMF/train,smoothed,160,162,7,0.026179598765452283
KSMF/train,smoothed,162,164,11,0.04035260184627987
KSMF/train,smoothed,164,166,64,0.3262832158773108
KSMF/train,smoothed,166,168,70,0.36385081121500207
KSMF/train,smoothed,168,170,20,0.08654052879739993
KSMF/train,smoothed,170,172,11,0.0513982094265657
KSMF/train,smoothed,172,174,24,0.1025720645968704
KSMF/train,smoothed,174,176,90,0.5402240839343904
KSMF/train,smoothed,176,178,111,0.6154327280144116
KSMF/train,smoothed,178,180,74,0.3978535539454242
KSMF/train,smoothed,180,182,101,0.5804383936851991
KSMF/train,smoothed,182,184,233,1.4192967854002063
KSMF/train,smoothed,184,186,518,3.214030391641586
KSMF/train,smoothed,186,188,544,3.3180108111777145
KSMF/train,smoothed,188,190,540,3.0071335110056907
KSMF/train,smoothed,190,192,394,2.431380945618912
KSMF/train,smoothed,192,194,579,3.604243277070964
KSMF/train,smoothed,194,196,1192,7.746330062411516
KSMF/train,smoothed,196,198,4094,26.570728417959458
KSMF/train,smoothed,198,200,8518,55.10244379674248
KSMF/train,smoothed,200,202,13358,86.05463492928197
KSMF/train,smoothed,202,204,1574,10.361450952276755
KSMF/train,smoothed,204,206,1299,8.62537213966948
KSMF/train,smoothed,206,208,1609,10.747231073033618
KSMF/train,smoothed,208,210,1235,8.216460030105054
KSMF/train,smoothed,210,212,1222,8.182253304742517
KSMF/train,smoothed,212,214,7734,53.26923298191741
KSMF/train,smoothed,214,216,5942,37.75612785363751
KSMF/train,smoothed,216,218,4885,21.48097996805768
KSMF/train,smoothed,218,220,9406,38.0429049145589
KSMF/train,smoothed,220,222,2680,18.371251284079108
KSMF/train,smoothed,222,224,983,6.287115056617267
KSMF/train,smoothed,224,226,916,5.8970985490220755
KSMF/train,smoothed,226,228,1066,6.953398733671975
KSMF/train,smoothed,228,230,898,5.744291053500092
KSMF/train,smoothed,230,232,913,5.8680646922487085
KSMF/train,smoothed,232,234,1261,8.047541585203362
KSMF/train,smoothed,234,236,1642,10.577754960675747
KSMF/train,smoothed,236,238,1050,6.903924175846214
KSMF/train,smoothed,238,240,911,5.826900189438675
KSMF/train,smoothed,240,242,984,6.4610109146078685
KSMF/train,smoothed,242,244,865,5.57708763313326
KSMF/train,smoothed,244,246,853,5.646050904465255
KSMF/train,smoothed,246,248,881,5.468955329456321
KSMF/train,smoothed,248,250,809,5.222251362001771
KSMF/train,smoothed,250,252,822,5.28834431963196
KSMF/train,smoothed,252,254,799,5.085243764238612
KSMF/train,smoothed,254,256,934,5.782185215066875
KSMF/train,smoothed,256,258,1066,6.125981040486067
KSMF/train,smoothed,258,260,1143,7.079288714314998
KSMF/train,smoothed,260,262,1319,7.646486381358272
KSMF/train,smoothed,262,264,2218,11.57911384593217
KSMF/train,smoothed,264,266,2558,13.386533117012277
KSMF/train,smoothed,266,268,6911,35.67472774088674
KSMF/train,smoothed,268,270,158708,933.9296510240172
KSMF/train,smoothed,270,272,14393,73.0765056995242
KSMF/train,smoothed,272,274,3783,17.045169896613515
KSMF/train,smoothed,274,276,2186,9.69126426973753
KSMF/train,smoothed,276,278,2280,11.783326333626064
KSMF/train,smoothed,278,280,1760,7.4800395114893945
KSMF/train,smoothed,280,282,1292,5.419799857449107
KSMF/train,smoothed,282,284,1341,5.496243670599142
KSMF/train,smoothed,284,286,1274,5.290401409859896
KSMF/train,smoothed,286,288,1190,4.775658604230557
KSMF/train,smoothed,288,290,993,3.815999339271457
KSMF/train,smoothed,290,292,1056,4.047692190099951
KSMF/train,smoothed,292,294,1261,4.8003374407230694
KSMF/train,smoothed,294,296,1689,6.216484573852085
KSMF/train,smoothed,296,298,1662,6.523048496047068
KSMF/train,smoothed,298,300,1160,4.445763403512956
KSMF/train,smoothed,300,302,990,3.7899500894195626
KSMF/train,smoothed,302,304,1081,4.075978477132139
KSMF/train,smoothed,304,306,1042,3.9297942610514838
KSMF/train,smoothed,306,308,1060,3.9301964293545097
KSMF/train,smoothed,308,310,1041,3.8834486180057866
KSMF/train,smoothed,310,312,1011,3.7934815759963385
KSMF/train,smoothed,312,314,978,3.66513066375137
KSMF/train,smoothed,314,316,1015,3.784438183069142
KSMF/train,smoothed,316,318,971,3.6702824339877225
KSMF/train,smoothed,318,320,923,3.504927199669055
KSMF/train,smoothed,320,322,937,3.5440783703866146
KSMF/train,smoothed,322,324,948,3.5458565694143545
KSMF/train,smoothed,324,326,949,3.6150002661684084
KSMF/train,smoothed,326,328,871,3.410970779058516
KSMF/train,smoothed,328,330,842,3.2454975536993516
KSMF/train,smoothed,330,332,967,3.8114403176241467
KSMF/train,smoothed,332,334,847,3.2152419698791164
KSMF/train,smoothed,334,336,872,3.323729982274017
KSMF/train,smoothed,336,338,869,3.3244163849462893
KSMF/train,smoothed,338,340,942,3.5739581555262703
KSMF/train,smoothed,340,342,807,3.0705499806063017
KSMF/train,smoothed,342,344,846,3.237091349732964
KSMF/train,smoothed,344,346,939,3.537661400068828
KSMF/train,smoothed,346,348,1027,4.040540330574913
KSMF/train,smoothed,348,350,947,3.5609490120987175
KSMF/train,smoothed,350,352,971,3.722428800934722
KSMF/train,smoothed,352,354,1201,4.538487064205128
KSMF/train,smoothed,354,356,1723,6.368442380482975
KSMF/train,smoothed,356,358,2338,9.216971281918177
KSMF/train,smoothed,358,360,2035,7.762070695845523
KSMF/train,relative,0,2,153382,900.334268307401
KSMF/train,relative,2,4,5619,28.84733804818643
KSMF/train,relative,4,6,2325,11.122233753761066
KSMF/train,relative,6,8,1799,8.725354805533357
KSMF/train,relative,8,10,2104,11.207155322903418
KSMF/train,relative,10,12,1294,5.7682948735313175
KSMF/train,relative,12,14,1215,5.388804191165491
KSMF/train,relative,14,16,1266,5.6012176708647985
KSMF/train,relative,16,18,1104,4.732870092989174
KSMF/train,relative,18,20,1049,4.3426432036307006
KSMF/train,relative,20,22,1051,4.541477934396198
KSMF/train,relative,22,24,1086,4.524454299366312
KSMF/train,relative,24,26,1655,7.075311717720865
KSMF/train,relative,26,28,1839,7.7009608957854425
KSMF/train,relative,28,30,1542,6.62194260660749
KSMF/train,relative,30,32,1104,4.632675094136175
KSMF/train,relative,32,34,1036,4.315321000353606
KSMF/train,relative,34,36,1119,4.5912059922352455
KSMF/train,relative,36,38,1106,4.498877200790957
KSMF/train,relative,38,40,1158,4.675752909353378
KSMF/train,relative,40,42,1052,4.254034602116008
KSMF/train,relative,42,44,990,4.090167766694549
KSMF/train,relative,44,46,1039,4.377724505829292
KSMF/train,relative,46,48,1237,5.505346278760271
KSMF/train,relative,48,50,1968,10.556622103778864
KSMF/train,relative,50,52,849,3.3542146874663104
KSMF/train,relative,52,54,832,3.151973566661809
KSMF/train,relative,54,56,856,3.1937499787948127
KSMF/train,relative,56,58,826,3.2134692373949747
KSMF/train,relative,58,60,725,2.8193264005954006
KSMF/train,relative,60,62,787,3.0995307679677353
KSMF/train,relative,62,64,776,3.0230896727332492
KSMF/train,relative,64,66,790,2.9898735120427773
KSMF/train,relative,66,68,728,2.792552399846045
KSMF/train,relative,68,70,748,2.8789876437531348
KSMF/train,relative,70,72,744,2.8323332004847543
KSMF/train,relative,72,74,691,2.63989920041854
KSMF/train,relative,74,76,699,2.703616684076451
KSMF/train,relative,76,78,793,3.0933893389501463
KSMF/train,relative,78,80,810,3.2379809948904494
KSMF/train,relative,80,82,750,2.8709257725370207
KSMF/train,relative,82,84,863,3.305958644727525
KSMF/train,relative,84,86,1178,4.344464242155709
KSMF/train,relative,86,88,1955,7.511855911617204
KSMF/train,relative,88,90,2019,7.936702199802539
KSMF/train,relative,90,92,1495,5.611760303524989
KSMF/train,relative,92,94,1054,4.134262027460636
KSMF/train,relative,94,96,983,3.7686711952514997
KSMF/train,relative,96,98,1096,4.279321697200658
KSMF/train,relative,98,100,987,3.8616462054280873
KSMF/train,relative,100,102,813,2.9831923398210165
KSMF/train,relative,102,104,710,2.738097026993273
KSMF/train,relative,104,106,753,3.032249122452413
KSMF/train,relative,106,108,829,3.3454912546305877
KSMF/train,relative,108,110,790,3.1990606254371414
KSMF/train,relative,110,112,756,3.1779847784835056
KSMF/train,relative,112,114,614,2.35094960227093
KSMF/train,relative,114,116,608,2.3629860310238655
KSMF/train,relative,116,118,1028,4.472671530514617
KSMF/train,relative,118,120,869,3.6761389245402825
KSMF/train,relative,120,122,672,2.718793861399263
KSMF/train,relative,122,124,734,3.053843820149268
KSMF/train,relative,124,126,784,3.177662632474039
KSMF/train,relative,126,128,4853,18.37073471534154
KSMF/train,relative,128,130,9322,33.69323167898142
KSMF/train,relative,130,132,1090,4.21966344036673
KSMF/train,relative,132,134,760,2.982325031679011
KSMF/train,relative,134,136,716,2.794338956153524
KSMF/train,relative,136,138,1076,4.457622248444977
KSMF/train,relative,138,140,836,3.357516031285286
KSMF/train,relative,140,142,814,3.2021350190034354
KSMF/train,relative,142,144,632,2.390164249264217
KSMF/train,relative,144,146,847,3.21189972654588
KSMF/train,relative,146,148,871,3.3249244186806663
KSMF/train,relative,148,150,646,2.4244916047500737
KSMF/train,relative,150,152,562,2.086747592183201
KSMF/train,relative,152,154,580,2.1391798493380065
KSMF/train,relative,154,156,655,2.3525365774712554
KSMF/train,relative,156,158,722,2.5456048477471995
KSMF/train,relative,158,160,734,2.807248047703524
KSMF/train,relative,160,162,575,2.1234032064469375
KSMF/train,relative,162,164,575,2.1204841804105854
KSMF/train,relative,164,166,740,2.7230055734260077
KSMF/train,relative,166,168,1014,3.8099207070874854
KSMF/train,relative,168,170,860,3.1581422589817976
KSMF/train,relative,170,172,2801,9.725225950830463
KSMF/train,relative,172,174,2233,7.74206331776054
KSMF/train,relative,174,176,3578,13.191180694130253
KSMF/train,relative,176,178,6868,23.883010732878574
KSMF/train,relative,178,180,14062,49.956508683154425
KSMF/train,relative,180,182,12696,45.0908101910818
KSMF/train,relative,182,184,2744,9.9280850624707
KSMF/train,relative,184,186,2018,7.252726217830968
KSMF/train,relative,186,188,2039,7.021430688866758
KSMF/train,relative,188,190,2058,7.389762278275384
KSMF/train,relative,190,192,1488,5.423882595531495
KSMF/train,relative,192,194,1576,5.716428171587722
KSMF/train,relative,194,196,2048,7.49087412980316
KSMF/train,relative,196,198,34271,124.19657709700004
KSMF/train,relative,198,200,6311,22.951190789048724
KSMF/train,relative,200,202,1475,5.365706096393069
KSMF/train,relative,202,204,1311,4.767629405009984
KSMF/train,relative,204,206,1470,5.295640332813264
KSMF/train,relative,206,208,1241,4.515673925404599
KSMF/train,relative,208,210,1215,4.42971694656535
KSMF/train,relative,210,212,1157,4.221665322824492
KSMF/train,relative,212,214,1172,4.301337607447067
KSMF/train,relative,214,216,1332,4.86503007640863
KSMF/train,relative,216,218,1849,6.739500127637029
KSMF/train,relative,218,220,35997,131.2150208632777
KSMF/train,relative,220,222,3258,11.695589126041114
KSMF/train,relative,222,224,143,0.5207123730824605
KSMF/train,relative,224,226,190,0.706327160353112
KSMF/train,relative,226,228,112,0.39213943775189364
KSMF/train,relative,228,230,127,0.4678328956019868
KSMF/train,relative,230,232,107,0.39810029954401216
KSMF/train,relative,232,234,113,0.4153812388485676
KSMF/train,relative,234,236,121,0.4546542779421543
KSMF/train,relative,236,238,106,0.393758774585649
KSMF/train,relative,238,240,127,0.46852264904941876
KSMF/train,relative,240,242,109,0.4092313493711117
KSMF/train,relative,242,244,113,0.41221354058393445
KSMF/train,relative,244,246,135,0.5152629263448034
KSMF/train,relative,246,248,202,0.818771970599073
KSMF/train,relative,248,250,141,0.5173005696858581
KSMF/train,relative,250,252,140,0.5205212349621888
KSMF/train,relative,252,254,172,0.634760538322098
KSMF/train,relative,254,256,193,0.7333332612201957
KSMF/train,relative,256,258,291,1.1607248313598575
KSMF/train,relative,258,260,229,0.8338909142021294
KSMF/train,relative,260,262,177,0.6493550934071664
KSMF/train,relative,262,264,220,0.8642274042072131
KSMF/train,relative,264,266,282,1.1811679554928105
KSMF/train,relative,266,268,332,1.5067023812869138
KSMF/train,relative,268,270,222,0.9111001744684017
KSMF/train,relative,270,272,207,0.8820510324080715
KSMF/train,relative,272,274,352,1.727509981262756
KSMF/train,relative,274,276,578,3.1648667165200095
KSMF/train,relative,276,278,642,3.6701336030596394
KSMF/train,relative,278,280,668,3.8212659289358726
KSMF/train,relative,280,282,449,2.498698178818586
KSMF/train,relative,282,284,573,3.248289659103648
KSMF/train,relative,284,286,951,5.6927311990768885
KSMF/train,relative,286,288,2512,16.083976949621274
KSMF/train,relative,288,290,5433,35.30382424520849
KSMF/train,relative,290,292,17423,111.71807693147912
KSMF/train,relative,292,294,2613,16.708071818211465
KSMF/train,relative,294,296,1487,9.421279928845252
KSMF/train,relative,296,298,1670,10.815000036223864
KSMF/train,relative,298,300,1410,9.041069853677072
KSMF/train,relative,300,302,1461,9.440211077543609
KSMF/train,relative,302,304,1337,8.571949504245367
KSMF/train,relative,304,306,11408,78.25269306025484
KSMF/train,relative,306,308,1663,10.862702561844344
KSMF/train,relative,308,310,1569,10.024462089066674
KSMF/train,relative,310,312,1543,10.090063950387048
KSMF/train,relative,312,314,2634,17.751575433462676
KSMF/train,relative,314,316,1000,6.1336953811005515
KSMF/train,relative,316,318,1108,6.938829104939941
KSMF/train,relative,318,320,1120,7.080695598273451
KSMF/train,relative,320,322,1041,6.267451794935823
KSMF/train,relative,322,324,1225,7.3342223003337494
KSMF/train,relative,324,326,1687,10.65454670247118
KSMF/train,relative,326,328,1478,9.35603176661607
KSMF/train,relative,328,330,1071,6.541235361372401
KSMF/train,relative,330,332,1126,7.004988776136543
KSMF/train,relative,332,334,1022,6.373523951504467
KSMF/train,relative,334,336,965,5.964039592799054
KSMF/train,relative,336,338,970,6.094455940231001
KSMF/train,relative,338,340,868,5.311989768333206
KSMF/train,relative,340,342,973,6.012225004048105
KSMF/train,relative,342,344,900,5.539651472188325
KSMF/train,relative,344,346,983,6.075403887431094
KSMF/train,relative,346,348,950,5.736700872040274
KSMF/train,relative,348,350,1118,7.038215844867409
KSMF/train,relative,350,352,1154,6.924596485111124
KSMF/train,relative,352,354,1340,8.062629138575176
KSMF/train,relative,354,356,1605,9.35930014712494
KSMF/train,relative,356,358,2703,15.379632538871192
KSMF/train,relative,358,360,45075,260.5011229741767
KSMF/val,raw,0,2,229,0.8566194645629159
KSMF/val,raw,2,4,198,0.7530257840298527
KSMF/val,raw,4,6,325,1.2538807688094757
KSMF/val,raw,6,8,243,0.9162888910289957
KSMF/val,raw,8,10,215,0.8490274310357919
KSMF/val,raw,10,12,168,0.6687813335406627
KSMF/val,raw,12,14,170,0.6766720911022182
KSMF/val,raw,14,16,160,0.7056493079941379
KSMF/val,raw,16,18,183,0.7923115992748713
KSMF/val,raw,18,20,145,0.5559674314748762
KSMF/val,raw,20,22,146,0.5668176161078229
KSMF/val,raw,22,24,137,0.5158861419090552
KSMF/val,raw,24,26,180,0.7533975542349776
KSMF/val,raw,26,28,153,0.575918959844758
KSMF/val,raw,28,30,146,0.5832744544253217
KSMF/val,raw,30,32,138,0.5509229571712648
KSMF/val,raw,32,34,149,0.56464106852256
KSMF/val,raw,34,36,158,0.6203429214139202
KSMF/val,raw,36,38,159,0.6556882024200696
KSMF/val,raw,38,40,169,0.7222300559593968
KSMF/val,raw,40,42,158,0.613719191292665
KSMF/val,raw,42,44,195,0.7854388093544777
KSMF/val,raw,44,46,142,0.5750596551189826
KSMF/val,raw,46,48,153,0.5733937812355556
KSMF/val,raw,48,50,177,0.6667977997831613
KSMF/val,raw,50,52,132,0.5043323615595234
KSMF/val,raw,52,54,144,0.546724497670958
KSMF/val,raw,54,56,234,0.9572036047903545
KSMF/val,raw,56,58,181,0.6733870322594129
KSMF/val,raw,58,60,135,0.5025782098985587
KSMF/val,raw,60,62,146,0.5518606709085496
KSMF/val,raw,62,64,147,0.6219839473346589
KSMF/val,raw,64,66,130,0.5181264861750776
KSMF/val,raw,66,68,142,0.5331168383282368
KSMF/val,raw,68,70,150,0.5676388784162931
KSMF/val,raw,70,72,129,0.4913817093513053
KSMF/val,raw,72,74,180,0.662253861479023
KSMF/val,raw,74,76,232,0.8196945777266471
KSMF/val,raw,76,78,231,0.8359578321381314
KSMF/val,raw,78,80,317,1.1359263154909165
KSMF/val,raw,80,82,589,2.0240788555666462
KSMF/val,raw,82,84,399,1.4462847849593423
KSMF/val,raw,84,86,1005,3.4630679441723444
KSMF/val,raw,86,88,1194,4.467218602225529
KSMF/val,raw,88,90,9123,44.56631554754895
KSMF/val,raw,90,92,862,4.120689975937935
KSMF/val,raw,92,94,449,1.8259998932060881
KSMF/val,raw,94,96,303,1.1942042396406976
KSMF/val,raw,96,98,508,1.7652546519531143
KSMF/val,raw,98,100,285,1.141442004572724
KSMF/val,raw,100,102,308,1.1770372084576621
KSMF/val,raw,102,104,326,1.21925021864989
KSMF/val,raw,104,106,513,1.8755543340633523
KSMF/val,raw,106,108,7634,27.5447330119175
KSMF/val,raw,108,110,376,1.3888845074897205
KSMF/val,raw,110,112,262,0.9975424060593809
KSMF/val,raw,112,114,260,0.9843837176301662
KSMF/val,raw,114,116,238,0.911818599560263
KSMF/val,raw,116,118,235,0.9004323208419294
KSMF/val,raw,118,120,220,0.8362001698044423
KSMF/val,raw,120,122,224,0.875352491693917
KSMF/val,raw,122,124,239,0.899893848293118
KSMF/val,raw,124,126,289,1.1156580806688225
KSMF/val,raw,126,128,875,3.2585891265522946
KSMF/val,raw,128,130,7180,26.17477290767698
KSMF/val,raw,130,132,308,1.22208561235459
KSMF/val,raw,132,134,26,0.15928295146352411
KSMF/val,raw,134,136,29,0.17981350833798615
KSMF/val,raw,136,138,116,0.747598368866818
KSMF/val,raw,138,140,203,1.3525899745090726
KSMF/val,raw,140,142,17,0.10778360545853616
KSMF/val,raw,142,144,4,0.013332423514441416
KSMF/val,raw,144,146,2,0.005813626521955939
KSMF/val,raw,146,148,3,0.010776125982715712
KSMF/val,raw,148,150,2,0.007857759151960408
KSMF/val,raw,150,152,3,0.009234062858695324
KSMF/val,raw,152,154,4,0.014874486638433382
KSMF/val,raw,154,156,14,0.05058744631736545
KSMF/val,raw,156,158,5,0.019135954640717046
KSMF/val,raw,158,160,3,0.009070955512186174
KSMF/val,raw,160,162,0,0.0
KSMF/val,raw,162,164,1,0.00409836065571767
KSMF/val,raw,164,166,61,0.3223324501906575
KSMF/val,raw,166,168,5,0.028376707718905436
KSMF/val,raw,168,170,5,0.02530492278506813
KSMF/val,raw,170,172,3,0.01333538508126253
KSMF/val,raw,172,174,8,0.048178953869694396
KSMF/val,raw,174,176,64,0.3871060285992485
KSMF/val,raw,176,178,20,0.11636792533909102
KSMF/val,raw,178,180,39,0.23438070686773926
KSMF/val,raw,180,182,18,0.1076797474385387
KSMF/val,raw,182,184,49,0.2941208570836693
KSMF/val,raw,184,186,140,0.886948782386753
KSMF/val,raw,186,188,119,0.7475880398480115
KSMF/val,raw,188,190,70,0.4169072041781021
KSMF/val,raw,190,192,26,0.13235911610837547
KSMF/val,raw,192,194,153,0.9581155151423957
KSMF/val,raw,194,196,188,1.2341062985720441
KSMF/val,raw,196,198,699,4.6179461185553805
KSMF/val,raw,198,200,1802,11.701016762454003
KSMF/val,raw,200,202,3146,20.320020335038976
KSMF/val,raw,202,204,422,2.7786033285833014
KSMF/val,raw,204,206,244,1.5828382089254376
KSMF/val,raw,206,208,181,1.1378756442214524
KSMF/val,raw,208,210,298,1.967101026496067
KSMF/val,raw,210,212,325,2.1538088950202905
KSMF/val,raw,212,214,1384,9.602055899721819
KSMF/val,raw,214,216,1030,6.558204477608797
KSMF/val,raw,216,218,944,3.837188164688598
KSMF/val,raw,218,220,1914,7.533677651650777
KSMF/val,raw,220,222,592,4.084964955338222
KSMF/val,raw,222,224,173,1.1199074822102375
KSMF/val,raw,224,226,167,1.06677008884202
KSMF/val,raw,226,228,182,1.184874681987111
KSMF/val,raw,228,230,190,1.2460164255839743
KSMF/val,raw,230,232,167,1.076017883825159
KSMF/val,raw,232,234,253,1.6540055528735138
KSMF/val,raw,234,236,279,1.8342898886118633
KSMF/val,raw,236,238,334,1.9336378327887473
KSMF/val,raw,238,240,151,0.980032872422612
KSMF/val,raw,240,242,136,0.8650823949790833
KSMF/val,raw,242,244,145,0.9212571416832702
KSMF/val,raw,244,246,175,1.1236568916025362
KSMF/val,raw,246,248,139,0.903105810985835
KSMF/val,raw,248,250,136,0.8508630529540255
KSMF/val,raw,250,252,154,0.9614791835026608
KSMF/val,raw,252,254,174,1.0789027405589877
KSMF/val,raw,254,256,167,1.0400566774522417
KSMF/val,raw,256,258,198,1.1455233194973857
KSMF/val,raw,258,260,221,1.2168087960449157
KSMF/val,raw,260,262,233,1.374758578609942
KSMF/val,raw,262,264,335,1.8683020172438773
KSMF/val,raw,264,266,680,3.2699303529840904
KSMF/val,raw,266,268,1465,7.541764274753973
KSMF/val,raw,268,270,30530,178.6332229200138
KSMF/val,raw,270,272,2735,14.112369834281822
KSMF/val,raw,272,274,753,3.34521065371581
KSMF/val,raw,274,276,526,2.2452219113436627
KSMF/val,raw,276,278,531,2.4890873329977126
KSMF/val,raw,278,280,297,1.262104337988717
KSMF/val,raw,280,282,222,0.924742010933528
KSMF/val,raw,282,284,251,1.052593470554882
KSMF/val,raw,284,286,226,0.9446261333253574
KSMF/val,raw,286,288,218,0.8466211344315298
KSMF/val,raw,288,290,193,0.7424801032873347
KSMF/val,raw,290,292,182,0.6992133858371403
KSMF/val,raw,292,294,193,0.7507565564102947
KSMF/val,raw,294,296,270,1.1025348728837798
KSMF/val,raw,296,298,277,1.0391509019997898
KSMF/val,raw,298,300,290,1.1941882663715546
KSMF/val,raw,300,302,243,1.0024013749358573
KSMF/val,raw,302,304,201,0.7298579393643649
KSMF/val,raw,304,306,193,0.7778441849748106
KSMF/val,raw,306,308,190,0.7090182258640425
KSMF/val,raw,308,310,181,0.6726292027855152
KSMF/val,raw,310,312,206,0.745543996355309
KSMF/val,raw,312,314,176,0.6671762900808744
KSMF/val,raw,314,316,183,0.6810872565049522
KSMF/val,raw,316,318,184,0.6730963115231248
KSMF/val,raw,318,320,192,0.7056701483287497
KSMF/val,raw,320,322,189,0.7162727496049115
KSMF/val,raw,322,324,168,0.6168560600272599
KSMF/val,raw,324,326,182,0.6754927950165097
KSMF/val,raw,326,328,152,0.5718779563417229
KSMF/val,raw,328,330,164,0.6176187967150781
KSMF/val,raw,330,332,186,0.689319852479116
KSMF/val,raw,332,334,149,0.5686200969705624
KSMF/val,raw,334,336,158,0.5931588319749608
KSMF/val,raw,336,338,157,0.5944535124807544
KSMF/val,raw,338,340,210,0.8476958775474941
KSMF/val,raw,340,342,166,0.6281804128151407
KSMF/val,raw,342,344,159,0.5977245817124412
KSMF/val,raw,344,346,170,0.6471415983878614
KSMF/val,raw,346,348,156,0.586333041789544
KSMF/val,raw,348,350,175,0.6451760440514818
KSMF/val,raw,350,352,180,0.6603915920301233
KSMF/val,raw,352,354,259,0.9246970989440797
KSMF/val,raw,354,356,482,1.6310191415741429
KSMF/val,raw,356,358,383,1.3849863282258639
KSMF/val,raw,358,360,419,1.6064660555941828
KSMF/val,smoothed,0,2,232,0.870368071021965
KSMF/val,smoothed,2,4,193,0.7391589077916241
KSMF/val,smoothed,4,6,311,1.2008170425478522
KSMF/val,smoothed,6,8,242,0.9114950269446398
KSMF/val,smoothed,8,10,219,0.8682185646487701
KSMF/val,smoothed,10,12,175,0.6878173278972124
KSMF/val,smoothed,12,14,159,0.6440025426044587
KSMF/val,smoothed,14,16,176,0.7610517756781485
KSMF/val,smoothed,16,18,190,0.8110115649889877
KSMF/val,smoothed,18,20,139,0.5442130733169641
KSMF/val,smoothed,20,22,135,0.5113268519801757
KSMF/val,smoothed,22,24,131,0.5047665231132328
KSMF/val,smoothed,24,26,208,0.8506132697291093
KSMF/val,smoothed,26,28,137,0.5307490617604991
KSMF/val,smoothed,28,30,154,0.6114400061824288
KSMF/val,smoothed,30,32,147,0.5711445243884103
KSMF/val,smoothed,32,34,135,0.5262966265336342
KSMF/val,smoothed,34,36,165,0.6470971499066263
KSMF/val,smoothed,36,38,166,0.6745039167552811
KSMF/val,smoothed,38,40,159,0.6841407040551033
KSMF/val,smoothed,40,42,159,0.6232418233415302
KSMF/val,smoothed,42,44,192,0.7688520737732407
KSMF/val,smoothed,44,46,162,0.6497064974294933
KSMF/val,smoothed,46,48,144,0.5453436045795428
KSMF/val,smoothed,48,50,159,0.6010909048966688
KSMF/val,smoothed,50,52,155,0.585278422705688
KSMF/val,smoothed,52,54,145,0.5537108348100368
KSMF/val,smoothed,54,56,214,0.8724893619581238
KSMF/val,smoothed,56,58,184,0.696889683231749
KSMF/val,smoothed,58,60,145,0.5359525441767197
KSMF/val,smoothed,60,62,126,0.470027884288303
KSMF/val,smoothed,62,64,155,0.6683025259545197
KSMF/val,smoothed,64,66,144,0.5515710346245939
KSMF/val,smoothed,66,68,141,0.5390122921930285
KSMF/val,smoothed,68,70,131,0.5004775491774147
KSMF/val,smoothed,70,72,155,0.5821496050208737
KSMF/val,smoothed,72,74,180,0.6560327280307803
KSMF/val,smoothed,74,76,225,0.7975965143491521
KSMF/val,smoothed,76,78,239,0.8707412720829915
KSMF/val,smoothed,78,80,314,1.1177081065518912
KSMF/val,smoothed,80,82,589,2.0373854477378543
KSMF/val,smoothed,82,84,417,1.5064350173467318
KSMF/val,smoothed,84,86,1004,3.4695024927673472
KSMF/val,smoothed,86,88,1194,4.3985478505038245
KSMF/val,smoothed,88,90,9070,44.40970035818565
KSMF/val,smoothed,90,92,825,3.9172005543495203
KSMF/val,smoothed,92,94,469,1.9188295085484413
KSMF/val,smoothed,94,96,317,1.2495662758404649
KSMF/val,smoothed,96,98,498,1.7357872143663968
KSMF/val,smoothed,98,100,290,1.1485947850941471
KSMF/val,smoothed,100,102,317,1.2151787296282635
KSMF/val,smoothed,102,104,339,1.287905944388939
KSMF/val,smoothed,104,106,538,1.9522319227385339
KSMF/val,smoothed,106,108,7556,27.25239396062888
KSMF/val,smoothed,108,110,387,1.4368960224638556
KSMF/val,smoothed,110,112,272,1.0280110246433765
KSMF/val,smoothed,112,114,263,1.0099618295137702
KSMF/val,smoothed,114,116,245,0.9258876465191008
KSMF/val,smoothed,116,118,231,0.8880437067564628
KSMF/val,smoothed,118,120,224,0.8679358833407207
KSMF/val,smoothed,120,122,231,0.8789027731138503
KSMF/val,smoothed,122,124,260,1.0036744860888973
KSMF/val,smoothed,124,126,281,1.075207987306129
KSMF/val,smoothed,126,128,876,3.2574380497487425
KSMF/val,smoothed,128,130,7240,26.42871081923323
KSMF/val,smoothed,130,132,313,1.1992889350619578
KSMF/val,smoothed,132,134,26,0.16422201883901266
KSMF/val,smoothed,134,136,38,0.23939452641442927
KSMF/val,smoothed,136,138,120,0.7746819614188212
KSMF/val,smoothed,138,140,205,1.3710648609175564
KSMF/val,smoothed,140,142,17,0.10479869664919761
KSMF/val,smoothed,142,144,2,0.005813626521955939
KSMF/val,smoothed,144,146,4,0.01249139184892556
KSMF/val,smoothed,146,148,2,0.007857759151960408
KSMF/val,smoothed,148,150,4,0.01249139184892556
KSMF/val,smoothed,150,152,3,0.011617157648203147
KSMF/val,smoothed,152,154,3,0.009234062858695324
KSMF/val,smoothed,154,156,14,0.05246847160088919
KSMF/val,smoothed,156,158,5,0.019135954640717046
KSMF/val,smoothed,158,160,1,0.0017152658662098474
KSMF/val,smoothed,160,162,2,0.007355689645947905
KSMF/val,smoothed,162,164,1,0.0017152658662098474
KSMF/val,smoothed,164,166,59,0.31512910206592437
KSMF/val,smoothed,166,168,6,0.029250941919599427
KSMF/val,smoothed,168,170,4,0.022047593794809472
KSMF/val,smoothed,170,172,4,0.022047593794866316
KSMF/val,smoothed,172,174,11,0.05992380038210854
KSMF/val,smoothed,174,176,61,0.370185423533286
KSMF/val,smoothed,176,178,22,0.1305039723345658
KSMF/val,smoothed,178,180,37,0.22386242361002928
KSMF/val,smoothed,180,182,21,0.12348542673700535
KSMF/val,smoothed,182,184,48,0.2895422068999096
KSMF/val,smoothed,184,186,139,0.8811246788835092
KSMF/val,smoothed,186,188,121,0.7594033014196668
KSMF/val,smoothed,188,190,69,0.40864388064741775
KSMF/val,smoothed,190,192,36,0.19534780774156957
KSMF/val,smoothed,192,194,148,0.9315296200595924
KSMF/val,smoothed,194,196,188,1.229325809347415
KSMF/val,smoothed,196,198,706,4.668113273458687
KSMF/val,smoothed,198,200,1790,11.622789878809613
KSMF/val,smoothed,200,202,3192,20.623665945017592
KSMF/val,smoothed,202,204,428,2.8078515927898877
KSMF/val,smoothed,204,206,241,1.5695189312898208
KSMF/val,smoothed,206,208,186,1.1695563952064845
KSMF/val,smoothed,208,210,303,2.001868464672043
KSMF/val,smoothed,210,212,332,2.2006972996384206
KSMF/val,smoothed,212,214,1401,9.72036642791275
KSMF/val,smoothed,214,216,1006,6.438974334086225
KSMF/val,smoothed,216,218,969,3.9867894467130895
KSMF/val,smoothed,218,220,1915,7.510946674119111
KSMF/val,smoothed,220,222,593,4.067704133847258
KSMF/val,smoothed,222,224,192,1.2277127914782113
KSMF/val,smoothed,224,226,161,1.0480245349236839
KSMF/val,smoothed,226,228,181,1.1714607041635645
KSMF/val,smoothed,228,230,201,1.3120632442394253
KSMF/val,smoothed,230,232,172,1.1152386166336328
KSMF/val,smoothed,232,234,252,1.6370117158999733
KSMF/val,smoothed,234,236,268,1.7627077051537867
KSMF/val,smoothed,236,238,331,1.9306331590166224
KSMF/val,smoothed,238,240,165,1.043391587766564
KSMF/val,smoothed,240,242,134,0.8738155407104955
KSMF/val,smoothed,242,244,141,0.8896626096720297
KSMF/val,smoothed,244,246,175,1.135633147125077
KSMF/val,smoothed,246,248,137,0.865841727196937
KSMF/val,smoothed,248,250,133,0.8521949984716457
KSMF/val,smoothed,250,252,177,1.0965792738851974
KSMF/val,smoothed,252,254,158,0.9983045254178364
KSMF/val,smoothed,254,256,173,1.0628265305724653
KSMF/val,smoothed,256,258,198,1.144403085595286
KSMF/val,smoothed,258,260,236,1.3290405829861243
KSMF/val,smoothed,260,262,230,1.3350190847949648
KSMF/val,smoothed,262,264,340,1.9105646841061343
KSMF/val,smoothed,264,266,676,3.2429396756489837
KSMF/val,smoothed,266,268,1435,7.415351771988355
KSMF/val,smoothed,268,270,30478,178.46395615318818
KSMF/val,smoothed,270,272,2592,13.244945897434604
KSMF/val,smoothed,272,274,745,3.3165421567878184
KSMF/val,smoothed,274,276,542,2.272301300644415
KSMF/val,smoothed,276,278,542,2.5708505044715935
KSMF/val,smoothed,278,280,300,1.2688368957641387
KSMF/val,smoothed,280,282,232,0.9669251123130493
KSMF/val,smoothed,282,284,241,1.0074398387820338
KSMF/val,smoothed,284,286,223,0.9244318756331609
KSMF/val,smoothed,286,288,221,0.8513593665040844
KSMF/val,smoothed,288,290,182,0.7055581577163252
KSMF/val,smoothed,290,292,197,0.7413448946242625
KSMF/val,smoothed,292,294,193,0.7511769233443033
KSMF/val,smoothed,294,296,285,1.1743478213672915
KSMF/val,smoothed,296,298,259,0.9690321604603014
KSMF/val,smoothed,298,300,299,1.2204680652060347
KSMF/val,smoothed,300,302,228,0.949270184528018
KSMF/val,smoothed,302,304,191,0.6900588791550604
KSMF/val,smoothed,304,306,204,0.8171241979174511
KSMF/val,smoothed,306,308,186,0.7028236796087413
KSMF/val,smoothed,308,310,181,0.6650982268569123
KSMF/val,smoothed,310,312,218,0.7945008405023373
KSMF/val,smoothed,312,314,171,0.6501917996706652
KSMF/val,smoothed,314,316,195,0.7186150118144496
KSMF/val,smoothed,316,318,190,0.6995325190624726
KSMF/val,smoothed,318,320,175,0.6466999248874572
KSMF/val,smoothed,320,322,179,0.67130717747159
KSMF/val,smoothed,322,324,189,0.7006421736080028
KSMF/val,smoothed,324,326,172,0.6380317340889405
KSMF/val,smoothed,326,328,157,0.5903639886973906
KSMF/val,smoothed,328,330,172,0.641195791163284
KSMF/val,smoothed,330,332,168,0.6319213927826581
KSMF/val,smoothed,332,334,150,0.5599619747493989
KSMF/val,smoothed,334,336,162,0.6152527529096119
KSMF/val,smoothed,336,338,155,0.5833857541096563
KSMF/val,smoothed,338,340,214,0.8688556979160467
KSMF/val,smoothed,340,342,181,0.6796484245492138
KSMF/val,smoothed,342,344,154,0.5738387186377167
KSMF/val,smoothed,344,346,152,0.5845497373768467
KSMF/val,smoothed,346,348,171,0.6337754266114644
KSMF/val,smoothed,348,350,176,0.6547847549406924
KSMF/val,smoothed,350,352,188,0.6913321853459138
KSMF/val,smoothed,352,354,254,0.896577508505402
KSMF/val,smoothed,354,356,474,1.6152904845581588
KSMF/val,smoothed,356,358,391,1.4198122401040791
KSMF/val,smoothed,358,360,406,1.5537368927660964
KSMF/val,relative,0,2,29843,174.7522278465759
KSMF/val,relative,2,4,993,5.043480913271566
KSMF/val,relative,4,6,457,2.1879385900323314
KSMF/val,relative,6,8,314,1.4462775544494662
KSMF/val,relative,8,10,389,2.0782052922984633
KSMF/val,relative,10,12,232,1.0398838800366832
KSMF/val,relative,12,14,215,0.9670467731898782
KSMF/val,relative,14,16,215,0.9424517801723482
KSMF/val,relative,16,18,182,0.8062038583496474
KSMF/val,relative,18,20,176,0.7376136686303596
KSMF/val,relative,20,22,164,0.6747428418568973
KSMF/val,relative,22,24,180,0.7330777393944174
KSMF/val,relative,24,26,228,0.9441612697123389
KSMF/val,relative,26,28,270,1.1271039843632877
KSMF/val,relative,28,30,260,1.0574588694045985
KSMF/val,relative,30,32,273,1.206823223938983
KSMF/val,relative,32,34,222,0.8903286653103066
KSMF/val,relative,34,36,184,0.7087100986744019
KSMF/val,relative,36,38,213,0.9401140935076171
KSMF/val,relative,38,40,195,0.807367490850055
KSMF/val,relative,40,42,240,0.9954878681184027
KSMF/val,relative,42,44,194,0.8196260592583542
KSMF/val,relative,44,46,184,0.7690434906932353
KSMF/val,relative,46,48,212,0.9127466767519081
KSMF/val,relative,48,50,430,2.395067059705468
KSMF/val,relative,50,52,176,0.7543836558152748
KSMF/val,relative,52,54,167,0.6245414371960578
KSMF/val,relative,54,56,154,0.5656360419134785
KSMF/val,relative,56,58,150,0.552047565028488
KSMF/val,relative,58,60,136,0.5148191232514989
KSMF/val,relative,60,62,164,0.6023083426582332
KSMF/val,relative,62,64,132,0.5002610551600242
KSMF/val,relative,64,66,131,0.49014689304453896
KSMF/val,relative,66,68,138,0.5223150058956207
KSMF/val,relative,68,70,155,0.6043020914873978
KSMF/val,relative,70,72,154,0.6187309053224226
KSMF/val,relative,72,74,147,0.5440015124127058
KSMF/val,relative,74,76,137,0.5268983428783258
KSMF/val,relative,76,78,135,0.513676630330167
KSMF/val,relative,78,80,142,0.5306943125122814
KSMF/val,relative,80,82,130,0.48777039016002277
KSMF/val,relative,82,84,164,0.6000624538953048
KSMF/val,relative,84,86,289,0.9665207327168446
KSMF/val,relative,86,88,423,1.4150111096758167
KSMF/val,relative,88,90,326,1.2326514656290044
KSMF/val,relative,90,92,307,1.1470889509930657
KSMF/val,relative,92,94,151,0.5681232656325221
KSMF/val,relative,94,96,183,0.6622167199025455
KSMF/val,relative,96,98,312,1.1856303181369867
KSMF/val,relative,98,100,169,0.6321789915988916
KSMF/val,relative,100,102,151,0.60977146827571
KSMF/val,relative,102,104,158,0.5824990515442323
KSMF/val,relative,104,106,143,0.6223535639277884
KSMF/val,relative,106,108,123,0.45491359870999304
KSMF/val,relative,108,110,101,0.3834622178853806
KSMF/val,relative,110,112,117,0.4405284639872207
KSMF/val,relative,112,114,111,0.4219669181183576
KSMF/val,relative,114,116,113,0.4018930191546133
KSMF/val,relative,116,118,161,0.6910866211488269
KSMF/val,relative,118,120,115,0.460010924437114
KSMF/val,relative,120,122,119,0.4518734624795968
KSMF/val,relative,122,124,121,0.47790869314226825
KSMF/val,relative,124,126,102,0.3885906039206759
KSMF/val,relative,126,128,924,3.4047356280537997
KSMF/val,relative,128,130,1997,7.265225028202536
KSMF/val,relative,130,132,168,0.6374035076879352
KSMF/val,relative,132,134,124,0.4693018351043179
KSMF/val,relative,134,136,155,0.6251331805216296
KSMF/val,relative,136,138,123,0.46475182471928633
KSMF/val,relative,138,140,116,0.4335156793200383
KSMF/val,relative,140,142,111,0.4147211673030995
KSMF/val,relative,142,144,127,0.47555987306188285
KSMF/val,relative,144,146,117,0.43679040550114223
KSMF/val,relative,146,148,260,1.0061535220615951
KSMF/val,relative,148,150,133,0.48107187591256206
KSMF/val,relative,150,152,128,0.47228989836145274
KSMF/val,relative,152,154,102,0.3827465549807698
KSMF/val,relative,154,156,119,0.4395157868932529
KSMF/val,relative,156,158,108,0.39572323934066844
KSMF/val,relative,158,160,126,0.47069389250361837
KSMF/val,relative,160,162,117,0.42621290762150466
KSMF/val,relative,162,164,107,0.39334819058663584
KSMF/val,relative,164,166,234,0.7940398183224886
KSMF/val,relative,166,168,161,0.5778200743758362
KSMF/val,relative,168,170,167,0.596879049259968
KSMF/val,relative,170,172,594,2.0387514715760915
KSMF/val,relative,172,174,366,1.2669884924946757
KSMF/val,relative,174,176,639,2.3483934427579527
KSMF/val,relative,176,178,1512,5.17247261536977
KSMF/val,relative,178,180,2680,9.457755263184879
KSMF/val,relative,180,182,2371,8.40525058357133
KSMF/val,relative,182,184,475,1.7382207898418756
KSMF/val,relative,184,186,637,2.3641056209100384
KSMF/val,relative,186,188,480,1.624947119368528
KSMF/val,relative,188,190,527,1.8828907459320021
KSMF/val,relative,190,192,309,1.1186468445487776
KSMF/val,relative,192,194,351,1.2689835994291911
KSMF/val,relative,194,196,414,1.4988610060418637
KSMF/val,relative,196,198,6925,24.93887443609202
KSMF/val,relative,198,200,1246,4.4789560604910434
KSMF/val,relative,200,202,341,1.207333310523211
KSMF/val,relative,202,204,263,0.954940278655954
KSMF/val,relative,204,206,266,0.9705594702124358
KSMF/val,relative,206,208,245,0.9015475609410828
KSMF/val,relative,208,210,229,0.835340746494694
KSMF/val,relative,210,212,230,0.832670363376053
KSMF/val,relative,212,214,236,0.8622811941418149
KSMF/val,relative,214,216,283,1.0319105215408513
KSMF/val,relative,216,218,382,1.388394675530094
KSMF/val,relative,218,220,7413,26.95566896286209
KSMF/val,relative,220,222,683,2.4179260760012653
KSMF/val,relative,222,224,30,0.10812130946470688
KSMF/val,relative,224,226,26,0.0964951185467271
KSMF/val,relative,226,228,29,0.09941198607236856
KSMF/val,relative,228,230,26,0.0912561600398476
KSMF/val,relative,230,232,29,0.11036539240353704
KSMF/val,relative,232,234,28,0.10408151849730984
KSMF/val,relative,234,236,21,0.08017797566310492
KSMF/val,relative,236,238,23,0.08619851255679123
KSMF/val,relative,238,240,32,0.11754705393826725
KSMF/val,relative,240,242,19,0.07445335034230993
KSMF/val,relative,242,244,28,0.10341247368086215
KSMF/val,relative,244,246,29,0.10902475679182544
KSMF/val,relative,246,248,40,0.1517915666411227
KSMF/val,relative,248,250,24,0.08857471311500831
KSMF/val,relative,250,252,29,0.11210507348346255
KSMF/val,relative,252,254,30,0.11276733587055787
KSMF/val,relative,254,256,77,0.36728777474451135
KSMF/val,relative,256,258,38,0.16440646333097675
KSMF/val,relative,258,260,35,0.13105279409535342
KSMF/val,relative,260,262,47,0.17188656971364935
KSMF/val,relative,262,264,37,0.1389260768298186
KSMF/val,relative,264,266,95,0.4588522013868328
KSMF/val,relative,266,268,103,0.5016962901987085
KSMF/val,relative,268,270,68,0.31684397419593324
KSMF/val,relative,270,272,79,0.3815724729041108
KSMF/val,relative,272,274,69,0.3611465132169087
KSMF/val,relative,274,276,164,0.9233911760161391
KSMF/val,relative,276,278,104,0.5978402255193487
KSMF/val,relative,278,280,171,0.9839956742184768
KSMF/val,relative,280,282,68,0.3485139031427025
KSMF/val,relative,282,284,146,0.9012683610971521
KSMF/val,relative,284,286,142,0.8415053289450611
KSMF/val,relative,286,288,498,3.160429704496778
KSMF/val,relative,288,290,1148,7.544809188243676
KSMF/val,relative,290,292,3793,24.28681021215408
KSMF/val,relative,292,294,768,5.014535630186856
KSMF/val,relative,294,296,344,2.179592535051256
KSMF/val,relative,296,298,272,1.6568035238788639
KSMF/val,relative,298,300,204,1.2510349896523394
KSMF/val,relative,300,302,387,2.5019249962880394
KSMF/val,relative,302,304,299,1.9046526280944818
KSMF/val,relative,304,306,2077,14.364767945908739
KSMF/val,relative,306,308,206,1.2941717253714842
KSMF/val,relative,308,310,200,1.2464685306900947
KSMF/val,relative,310,312,360,2.377256230400519
KSMF/val,relative,312,314,521,3.4308631380003476
KSMF/val,relative,314,316,194,1.1865281946559207
KSMF/val,relative,316,318,200,1.254139939595916
KSMF/val,relative,318,320,229,1.3566479283659874
KSMF/val,relative,320,322,209,1.2753040780050355
KSMF/val,relative,322,324,212,1.3008957163311266
KSMF/val,relative,324,326,342,2.2033575612028358
KSMF/val,relative,326,328,302,1.921244027205887
KSMF/val,relative,328,330,251,1.4576077173078374
KSMF/val,relative,330,332,158,0.9532087601985495
KSMF/val,relative,332,334,150,0.919580157182736
KSMF/val,relative,334,336,223,1.3980705635621007
KSMF/val,relative,336,338,187,1.1670155031727063
KSMF/val,relative,338,340,157,0.9567923311204822
KSMF/val,relative,340,342,168,0.9866382245271552
KSMF/val,relative,342,344,193,1.1716105025836896
KSMF/val,relative,344,346,200,1.182268702891463
KSMF/val,relative,346,348,217,1.2347097404589817
KSMF/val,relative,348,350,265,1.4012664549172769
KSMF/val,relative,350,352,241,1.382397533727385
KSMF/val,relative,352,354,271,1.594853616536966
KSMF/val,relative,354,356,345,1.985034728954986
KSMF/val,relative,356,358,606,3.353385517474578
KSMF/val,relative,358,360,8896,51.14898172481708
KMSY/train,raw,0,2,1059,4.399862114145944
KMSY/train,raw,2,4,579,2.4143536563880676
KMSY/train,raw,4,6,359,1.522787107526688
KMSY/train,raw,6,8,483,2.269580600729567
KMSY/train,raw,8,10,611,2.7109008547498696
KMSY/train,raw,10,12,759,3.4744246607534777
KMSY/train,raw,12,14,530,2.5268184295474185
KMSY/train,raw,14,16,488,2.118381960734375
KMSY/train,raw,16,18,431,1.908361151076253
KMSY/train,raw,18,20,329,1.3745311203106176
KMSY/train,raw,20,22,505,2.1293818476367647
KMSY/train,raw,22,24,342,1.3977043115062955
KMSY/train,raw,24,26,370,1.6573687841234523
KMSY/train,raw,26,28,390,1.7829749698461619
KMSY/train,raw,28,30,393,1.6642197188908696
KMSY/train,raw,30,32,314,1.38408265514434
KMSY/train,raw,32,34,325,1.3956105885224517
KMSY/train,raw,34,36,277,1.1455371121211542
KMSY/train,raw,36,38,283,1.18004199817112
KMSY/train,raw,38,40,379,1.6343939259479612
KMSY/train,raw,40,42,405,2.025236652229445
KMSY/train,raw,42,44,443,2.215149431093039
KMSY/train,raw,44,46,379,1.664195130147995
KMSY/train,raw,46,48,350,1.4584317892696248
KMSY/train,raw,48,50,288,1.150799279357713
KMSY/train,raw,50,52,285,1.1684708829601647
KMSY/train,raw,52,54,291,1.173702118674818
KMSY/train,raw,54,56,303,1.2829738085921676
KMSY/train,raw,56,58,316,1.2823416276443211
KMSY/train,raw,58,60,401,1.696359936419718
KMSY/train,raw,60,62,431,1.7855205742893503
KMSY/train,raw,62,64,410,1.6022949322330504
KMSY/train,raw,64,66,512,2.0740497490422314
KMSY/train,raw,66,68,727,2.9045350962622223
KMSY/train,raw,68,70,998,3.9869167957488827
KMSY/train,raw,70,72,888,3.5989330882650563
KMSY/train,raw,72,74,2030,9.289874204888278
KMSY/train,raw,74,76,11026,52.71960015041408
KMSY/train,raw,76,78,678,2.980255047554465
KMSY/train,raw,78,80,495,2.0280472874344184
KMSY/train,raw,80,82,419,1.7388726291031276
KMSY/train,raw,82,84,410,1.684032978038573
KMSY/train,raw,84,86,356,1.5174930658949393
KMSY/train,raw,86,88,422,1.6280382037906804
KMSY/train,raw,88,90,524,2.2469683366514346
KMSY/train,raw,90,92,386,1.544778152063941
KMSY/train,raw,92,94,310,1.2163552292453517
KMSY/train,raw,94,96,277,1.0654612333855198
KMSY/train,raw,96,98,408,1.8945256290453472
KMSY/train,raw,98,100,321,1.2718116266188986
KMSY/train,raw,100,102,278,1.1853954094541734
KMSY/train,raw,102,104,319,1.4726852510959247
KMSY/train,raw,104,106,312,1.2446718922420814
KMSY/train,raw,106,108,316,1.3316933535551527
KMSY/train,raw,108,110,313,1.221414671494017
KMSY/train,raw,110,112,304,1.1778051229649407
KMSY/train,raw,112,114,311,1.290961878271844
KMSY/train,raw,114,116,358,1.4360843838526876
KMSY/train,raw,116,118,433,1.8213611539311785
KMSY/train,raw,118,120,485,2.039561611696655
KMSY/train,raw,120,122,390,1.5707066620541354
KMSY/train,raw,122,124,306,1.2043517955720517
KMSY/train,raw,124,126,405,1.624106402567918
KMSY/train,raw,126,128,389,1.5932702710286435
KMSY/train,raw,128,130,454,1.8958585586544814
KMSY/train,raw,130,132,460,2.0131047121469123
KMSY/train,raw,132,134,438,1.7441382972153292
KMSY/train,raw,134,136,438,1.9150628936103544
KMSY/train,raw,136,138,619,2.5683345203242425
KMSY/train,raw,138,140,446,2.005199978547239
KMSY/train,raw,140,142,293,1.2728918352204346
KMSY/train,raw,142,144,387,1.9015688967199935
KMSY/train,raw,144,146,532,2.7380099413156813
KMSY/train,raw,146,148,774,3.2365877849885294
KMSY/train,raw,148,150,1088,4.73217900039711
KMSY/train,raw,150,152,874,3.5134582457735632
KMSY/train,raw,152,154,1248,4.879501393519604
KMSY/train,raw,154,156,1326,5.519929775261289
KMSY/train,raw,156,158,1731,6.822108471835605
KMSY/train,raw,158,160,2615,10.256017810210437
KMSY/train,raw,160,162,3167,12.116480000959115
KMSY/train,raw,162,164,12409,52.636194122792915
KMSY/train,raw,164,166,60172,314.9398961718079
KMSY/train,raw,166,168,4452,18.674059813638223
KMSY/train,raw,168,170,2082,9.095830851650476
KMSY/train,raw,170,172,1374,6.017426194979862
KMSY/train,raw,172,174,1244,5.522960762162484
KMSY/train,raw,174,176,1012,4.360467981608508
KMSY/train,raw,176,178,1692,6.8813731480702245
KMSY/train,raw,178,180,1305,5.603218832716948
KMSY/train,raw,180,182,907,4.023413489424911
KMSY/train,raw,182,184,993,4.254334944966104
KMSY/train,raw,184,186,851,3.888662486239582
KMSY/train,raw,186,188,1747,7.268524973373246
KMSY/train,raw,188,190,1871,7.936340016429767
KMSY/train,raw,190,192,1075,4.772801187193295
KMSY/train,raw,192,194,777,3.6628100579100646
KMSY/train,raw,194,196,885,3.7979573063519183
KMSY/train,raw,196,198,1069,4.538926533312406
KMSY/train,raw,198,200,871,3.922399284262383
KMSY/train,raw,200,202,1978,7.773233434798499
KMSY/train,raw,202,204,1660,6.829453989989247
KMSY/train,raw,204,206,535,2.4007709365457686
KMSY/train,raw,206,208,654,3.3345380224292285
KMSY/train,raw,208,210,806,4.131748721275358
KMSY/train,raw,210,212,789,4.492555922259157
KMSY/train,raw,212,214,1060,6.098574863339195
KMSY/train,raw,214,216,853,4.435446324114082
KMSY/train,raw,216,218,2768,12.248569623404933
KMSY/train,raw,218,220,794,3.9278122885258426
KMSY/train,raw,220,222,629,2.927568802329688
KMSY/train,raw,222,224,627,3.084763493738933
KMSY/train,raw,224,226,479,2.1054949498685573
KMSY/train,raw,226,228,630,2.823986526373801
KMSY/train,raw,228,230,870,3.93825468743853
KMSY/train,raw,230,232,1293,6.378262417286919
KMSY/train,raw,232,234,2697,13.468391524557092
KMSY/train,raw,234,236,956,4.66876407296013
KMSY/train,raw,236,238,974,4.678271885432991
KMSY/train,raw,238,240,1134,5.647977299719173
KMSY/train,raw,240,242,1067,5.407837831156712
KMSY/train,raw,242,244,989,5.041989600211309
KMSY/train,raw,244,246,1216,6.208333327678588
KMSY/train,raw,246,248,1519,7.249579396027912
KMSY/train,raw,248,250,2555,12.766236233970403
KMSY/train,raw,250,252,2935,15.114709266689943
KMSY/train,raw,252,254,5268,23.66428270192955
KMSY/train,raw,254,256,5546,27.250252792032825
KMSY/train,raw,256,258,3808,19.429358177442964
KMSY/train,raw,258,260,2782,14.28683472160185
KMSY/train,raw,260,262,2055,10.035311655735654
KMSY/train,raw,262,264,1608,8.30882039042342
KMSY/train,raw,264,266,1456,7.666460675851454
KMSY/train,raw,266,268,1372,7.483248806684742
KMSY/train,raw,268,270,1131,5.890909033140019
KMSY/train,raw,270,272,1968,10.253846157614248
KMSY/train,raw,272,274,3383,15.324605692526461
KMSY/train,raw,274,276,1990,10.11709033870818
KMSY/train,raw,276,278,1667,8.570854741512676
KMSY/train,raw,278,280,1513,7.863540507520156
KMSY/train,raw,280,282,1327,6.526446514453028
KMSY/train,raw,282,284,1161,5.753002372988021
KMSY/train,raw,284,286,1121,5.356423512458832
KMSY/train,raw,286,288,821,3.894992136243445
KMSY/train,raw,288,290,894,4.354989085729358
KMSY/train,raw,290,292,1069,5.2299294246513455
KMSY/train,raw,292,294,896,4.2026178720843745
KMSY/train,raw,294,296,898,4.135919675870127
KMSY/train,raw,296,298,676,3.278129454778764
KMSY/train,raw,298,300,805,3.836517353263389
KMSY/train,raw,300,302,729,3.532772576838397
KMSY/train,raw,302,304,876,4.099583895115757
KMSY/train,raw,304,306,665,3.286729892134872
KMSY/train,raw,306,308,765,3.7979805473296437
KMSY/train,raw,308,310,710,3.6577662129773216
KMSY/train,raw,310,312,988,5.370629433451995
KMSY/train,raw,312,314,1236,6.047519471255555
KMSY/train,raw,314,316,1137,5.800825833385716
KMSY/train,raw,316,318,732,3.730643243841314
KMSY/train,raw,318,320,657,3.2819038589016145
KMSY/train,raw,320,322,666,3.381578288403489
KMSY/train,raw,322,324,679,3.3436195047349884
KMSY/train,raw,324,326,897,4.1976022821813785
KMSY/train,raw,326,328,718,3.51415289664169
KMSY/train,raw,328,330,727,3.572035934212181
KMSY/train,raw,330,332,780,3.7299682270495396
KMSY/train,raw,332,334,900,4.431604858900528
KMSY/train,raw,334,336,1206,6.016943075162089
KMSY/train,raw,336,338,2030,10.278664631711763
KMSY/train,raw,338,340,2770,12.451474818210954
KMSY/train,raw,340,342,5048,22.067409908677064
KMSY/train,raw,342,344,25020,142.87465345042642
KMSY/train,raw,344,346,143073,921.0789896867893
KMSY/train,raw,346,348,8740,38.481959674346854
KMSY/train,raw,348,350,3913,17.120534267104176
KMSY/train,raw,350,352,2132,9.178483998589854
KMSY/train,raw,352,354,1377,6.160121713843637
KMSY/train,raw,354,356,843,3.8558927209514877
KMSY/train,raw,356,358,843,3.9106388337063436
KMSY/train,raw,358,360,1425,5.720364656103811
KMSY/train,smoothed,0,2,1044,4.359352442704876
KMSY/train,smoothed,2,4,598,2.4933003102292757
KMSY/train,smoothed,4,6,349,1.5031549617264766
KMSY/train,smoothed,6,8,518,2.412976347273508
KMSY/train,smoothed,8,10,588,2.602197976109009
KMSY/train,smoothed,10,12,754,3.47699557418953
KMSY/train,smoothed,12,14,563,2.653262176199899
KMSY/train,smoothed,14,16,464,2.0116326482173683
KMSY/train,smoothed,16,18,429,1.8929104105699892
KMSY/train,smoothed,18,20,325,1.3935947696254871
KMSY/train,smoothed,20,22,516,2.1394652237100686
KMSY/train,smoothed,22,24,365,1.5369073210579636
KMSY/train,smoothed,24,26,367,1.6466805123529866
KMSY/train,smoothed,26,28,395,1.7948222446147497
KMSY/train,smoothed,28,30,374,1.5985006720185204
KMSY/train,smoothed,30,32,318,1.3901964085720024
KMSY/train,smoothed,32,34,349,1.4935031974766062
KMSY/train,smoothed,34,36,251,1.053096370259162
KMSY/train,smoothed,36,38,307,1.2626469834039682
KMSY/train,smoothed,38,40,372,1.6174630240119683
KMSY/train,smoothed,40,42,391,1.9635914306747395
KMSY/train,smoothed,42,44,467,2.310802423626164
KMSY/train,smoothed,44,46,354,1.5813684414052815
KMSY/train,smoothed,46,48,367,1.5002258326931681
KMSY/train,smoothed,48,50,276,1.137258968112377
KMSY/train,smoothed,50,52,319,1.2781037768720225
KMSY/train,smoothed,52,54,261,1.0856160193728073
KMSY/train,smoothed,54,56,337,1.3982973516516708
KMSY/train,smoothed,56,58,319,1.3217530792358403
KMSY/train,smoothed,58,60,392,1.639566426841398
KMSY/train,smoothed,60,62,446,1.8212378900593222
KMSY/train,smoothed,62,64,412,1.654758635103775
KMSY/train,smoothed,64,66,521,2.0894148631628653
KMSY/train,smoothed,66,68,695,2.7821531434079247
KMSY/train,smoothed,68,70,991,3.9543938964393206
KMSY/train,smoothed,70,72,868,3.540036939831438
KMSY/train,smoothed,72,74,1894,8.62108179898513
KMSY/train,smoothed,74,76,11064,52.96097829156044
KMSY/train,smoothed,76,78,693,3.003473296337148
KMSY/train,smoothed,78,80,504,2.076325328527105
KMSY/train,smoothed,80,82,414,1.7165245487632035
KMSY/train,smoothed,82,84,406,1.6670324792314943
KMSY/train,smoothed,84,86,384,1.6134832990213113
KMSY/train,smoothed,86,88,404,1.5715318768367013
KMSY/train,smoothed,88,90,532,2.261467816031228
KMSY/train,smoothed,90,92,382,1.540701015960991
KMSY/train,smoothed,92,94,278,1.0987829506300955
KMSY/train,smoothed,94,96,309,1.1871687212526183
KMSY/train,smoothed,96,98,413,1.9140359645562057
KMSY/train,smoothed,98,100,292,1.1737401071859495
KMSY/train,smoothed,100,102,319,1.3137829505596414
KMSY/train,smoothed,102,104,315,1.470930261436564
KMSY/train,smoothed,104,106,316,1.2820021577681473
KMSY/train,smoothed,106,108,320,1.328829898657034
KMSY/train,smoothed,108,110,293,1.1497848670066446
KMSY/train,smoothed,110,112,308,1.2070507647566728
KMSY/train,smoothed,112,114,328,1.3402640518666544
KMSY/train,smoothed,114,116,351,1.4389679866115443
KMSY/train,smoothed,116,118,442,1.8248006153507106
KMSY/train,smoothed,118,120,479,2.0282215260997702
KMSY/train,smoothed,120,122,359,1.4560563649449136
KMSY/train,smoothed,122,124,341,1.3474780062086893
KMSY/train,smoothed,124,126,387,1.5522003703846394
KMSY/train,smoothed,126,128,406,1.651574408430065
KMSY/train,smoothed,128,130,434,1.831531074003351
KMSY/train,smoothed,130,132,485,2.088826153541021
KMSY/train,smoothed,132,134,409,1.6778463165225332
KMSY/train,smoothed,134,136,447,1.9139328881132371
KMSY/train,smoothed,136,138,651,2.7298422996318266
KMSY/train,smoothed,138,140,429,1.9158513699325965
KMSY/train,smoothed,140,142,318,1.4131500608952763
KMSY/train,smoothed,142,144,380,1.853531044767692
KMSY/train,smoothed,144,146,542,2.783306595023646
KMSY/train,smoothed,146,148,770,3.2222588232454825
KMSY/train,smoothed,148,150,1114,4.854244480472971
KMSY/train,smoothed,150,152,880,3.5392220404272905
KMSY/train,smoothed,152,154,1253,4.900879996029232
KMSY/train,smoothed,154,156,1347,5.628430711290349
KMSY/train,smoothed,156,158,1752,6.909270254022971
KMSY/train,smoothed,158,160,2609,10.219581311131293
KMSY/train,smoothed,160,162,3159,12.071619195164885
KMSY/train,smoothed,162,164,11941,50.289894149449395
KMSY/train,smoothed,164,166,60239,315.2839851350816
KMSY/train,smoothed,166,168,4400,18.351222040998664
KMSY/train,smoothed,168,170,2105,9.187508721420954
KMSY/train,smoothed,170,172,1423,6.260972502258483
KMSY/train,smoothed,172,174,1256,5.583572623517739
KMSY/train,smoothed,174,176,1014,4.374416875086922
KMSY/train,smoothed,176,178,1701,6.957776123662484
KMSY/train,smoothed,178,180,1309,5.608599353575755
KMSY/train,smoothed,180,182,902,3.958167674516403
KMSY/train,smoothed,182,184,1021,4.401347337318157
KMSY/train,smoothed,184,186,848,3.886647937946691
KMSY/train,smoothed,186,188,1732,7.195772446632645
KMSY/train,smoothed,188,190,1914,8.165450193975175
KMSY/train,smoothed,190,192,1043,4.604481982478546
KMSY/train,smoothed,192,194,804,3.766407629358241
KMSY/train,smoothed,194,196,890,3.8763054287292107
KMSY/train,smoothed,196,198,1063,4.478170844888837
KMSY/train,smoothed,198,200,908,4.131793117445795
KMSY/train,smoothed,200,202,2030,7.977839981892998
KMSY/train,smoothed,202,204,1635,6.722247810038766
KMSY/train,smoothed,204,206,550,2.450996543701649
KMSY/train,smoothed,206,208,649,3.367792776228953
KMSY/train,smoothed,208,210,797,4.054764383078464
KMSY/train,smoothed,210,212,840,4.765742292912705
KMSY/train,smoothed,212,214,1042,6.048897261739739
KMSY/train,smoothed,214,216,858,4.459797116692471
KMSY/train,smoothed,216,218,2810,12.434725095056706
KMSY/train,smoothed,218,220,759,3.7835424394611437
KMSY/train,smoothed,220,222,663,3.045990781632213
KMSY/train,smoothed,222,224,607,3.0283134676668624
KMSY/train,smoothed,224,226,507,2.2359915669028396
KMSY/train,smoothed,226,228,614,2.721241297702477
KMSY/train,smoothed,228,230,877,3.9914547122421027
KMSY/train,smoothed,230,232,1337,6.541487856483968
KMSY/train,smoothed,232,234,2674,13.415138195031432
KMSY/train,smoothed,234,236,1009,4.899216807317202
KMSY/train,smoothed,236,238,922,4.436038971661446
KMSY/train,smoothed,238,240,1185,5.885785844118345
KMSY/train,smoothed,240,242,1082,5.491295545058392
KMSY/train,smoothed,242,244,1001,5.115081366350637
KMSY/train,smoothed,244,246,1220,6.2122360332236894
KMSY/train,smoothed,246,248,1523,7.282617810711713
KMSY/train,smoothed,248,250,2529,12.660933786083774
KMSY/train,smoothed,250,252,2956,15.24506700664449
KMSY/train,smoothed,252,254,5295,23.7647914627546
KMSY/train,smoothed,254,256,5517,27.151222962622455
KMSY/train,smoothed,256,258,3818,19.515634745780176
KMSY/train,smoothed,258,260,2795,14.348488048389754
KMSY/train,smoothed,260,262,2061,10.09079867505568
KMSY/train,smoothed,262,264,1621,8.325624788724781
KMSY/train,smoothed,264,266,1495,7.9159155272493535
KMSY/train,smoothed,266,268,1353,7.37498084178776
KMSY/train,smoothed,268,270,1166,6.0753677609694705
KMSY/train,smoothed,270,272,1990,10.347081379619794
KMSY/train,smoothed,272,274,3364,15.229996845845562
KMSY/train,smoothed,274,276,2018,10.304745309447526
KMSY/train,smoothed,276,278,1698,8.680405258769724
KMSY/train,smoothed,278,280,1497,7.830677250340841
KMSY/train,smoothed,280,282,1354,6.6280994996941445
KMSY/train,smoothed,282,284,1199,5.929767580745192
KMSY/train,smoothed,284,286,1095,5.24563509501445
KMSY/train,smoothed,286,288,824,3.9140058883626807
KMSY/train,smoothed,288,290,900,4.345813843418682
KMSY/train,smoothed,290,292,1095,5.407462434017361
KMSY/train,smoothed,292,294,888,4.1330468080798255
KMSY/train,smoothed,294,296,926,4.266498569584883
KMSY/train,smoothed,296,298,670,3.2731804823172297
KMSY/train,smoothed,298,300,815,3.860325494601966
KMSY/train,smoothed,300,302,744,3.6624466291821136
KMSY/train,smoothed,302,304,865,4.011901306643267
KMSY/train,smoothed,304,306,669,3.3399362532086343
KMSY/train,smoothed,306,308,763,3.7385687782275454
KMSY/train,smoothed,308,310,719,3.754458912148948
KMSY/train,smoothed,310,312,987,5.384956806377204
KMSY/train,smoothed,312,314,1197,5.86196919558347
KMSY/train,smoothed,314,316,1142,5.819523838334817
KMSY/train,smoothed,316,318,742,3.771924095526856
KMSY/train,smoothed,318,320,705,3.5465100869193975
KMSY/train,smoothed,320,322,639,3.2494930488342106
KMSY/train,smoothed,322,324,704,3.48705702756547
KMSY/train,smoothed,324,326,888,4.118780088281483
KMSY/train,smoothed,326,328,742,3.6728018631474697
KMSY/train,smoothed,328,330,749,3.665088403701702
KMSY/train,smoothed,330,332,754,3.6061053649500536
KMSY/train,smoothed,332,334,955,4.723678622622401
KMSY/train,smoothed,334,336,1197,6.000176416131353
KMSY/train,smoothed,336,338,2062,10.44764005028992
KMSY/train,smoothed,338,340,2812,12.621537034230641
KMSY/train,smoothed,340,342,5031,22.030284967100442
KMSY/train,smoothed,342,344,23841,134.97707495484815
KMSY/train,smoothed,344,346,143976,927.6795601814558
KMSY/train,smoothed,346,348,8600,37.56054552675005
KMSY/train,smoothed,348,350,3897,16.98844656720712
KMSY/train,smoothed,350,352,2162,9.304611921685137
KMSY/train,smoothed,352,354,1378,6.172771169286079
KMSY/train,smoothed,354,356,858,3.8752535311346037
KMSY/train,smoothed,356,358,838,3.9159826008044547
KMSY/train,smoothed,358,360,1423,5.671784304610355
KMSY/train,relative,0,2,185422,1170.825574795492
KMSY/train,relative,2,4,4479,25.02607005920686
KMSY/train,relative,4,6,2154,11.789498136691691
KMSY/train,relative,6,8,1324,6.977483300627682
KMSY/train,relative,8,10,1090,5.887644211780525
KMSY/train,relative,10,12,846,4.3814663833702525
KMSY/train,relative,12,14,823,4.479427574843157
KMSY/train,relative,14,16,742,3.734405835614325
KMSY/train,relative,16,18,710,3.4907198921223426
KMSY/train,relative,18,20,653,3.283826970182645
KMSY/train,relative,20,22,637,3.3221868284015272
KMSY/train,relative,22,24,816,4.362017748605922
KMSY/train,relative,24,26,947,4.870028425702458
KMSY/train,relative,26,28,757,4.027705113787988
KMSY/train,relative,28,30,734,3.994253281466399
KMSY/train,relative,30,32,562,2.9586737423219347
KMSY/train,relative,32,34,497,2.470094046843542
KMSY/train,relative,34,36,502,2.6027197409450764
KMSY/train,relative,36,38,554,2.8954104729907613
KMSY/train,relative,38,40,479,2.6690697353678843
KMSY/train,relative,40,42,422,2.1115936840235463
KMSY/train,relative,42,44,690,3.842294313255252
KMSY/train,relative,44,46,597,3.2283814491511293
KMSY/train,relative,46,48,673,3.9923123359578767
KMSY/train,relative,48,50,871,5.322437887025899
KMSY/train,relative,50,52,567,3.2967577013318987
KMSY/train,relative,52,54,568,3.1374699662876537
KMSY/train,relative,54,56,467,2.4941436888718727
KMSY/train,relative,56,58,525,2.744961646548063
KMSY/train,relative,58,60,685,3.727190025183745
KMSY/train,relative,60,62,345,1.6476829595749223
KMSY/train,relative,62,64,299,1.3825246347651046
KMSY/train,relative,64,66,284,1.3197070797587003
KMSY/train,relative,66,68,428,2.1265177288896666
KMSY/train,relative,68,70,370,1.8625078605980434
KMSY/train,relative,70,72,320,1.5160335933246643
KMSY/train,relative,72,74,379,1.8860949866518695
KMSY/train,relative,74,76,445,2.147986867218151
KMSY/train,relative,76,78,380,1.7369482736119153
KMSY/train,relative,78,80,473,2.494658603813832
KMSY/train,relative,80,82,406,1.8350840049304225
KMSY/train,relative,82,84,515,2.377673201567859
KMSY/train,relative,84,86,659,2.9881165389861053
KMSY/train,relative,86,88,874,4.04902643292462
KMSY/train,relative,88,90,771,3.5088711368453005
KMSY/train,relative,90,92,856,4.208175512998878
KMSY/train,relative,92,94,708,3.522076154637489
KMSY/train,relative,94,96,611,2.7057018687823984
KMSY/train,relative,96,98,964,4.768704607656446
KMSY/train,relative,98,100,923,4.632135372580706
KMSY/train,relative,100,102,993,5.070207862621601
KMSY/train,relative,102,104,818,4.09377381242507
KMSY/train,relative,104,106,775,3.83868285004678
KMSY/train,relative,106,108,1346,7.012484078672514
KMSY/train,relative,108,110,2781,12.359763134183595
KMSY/train,relative,110,112,1673,8.487844831428674
KMSY/train,relative,112,114,1460,7.387635829004694
KMSY/train,relative,114,116,1172,5.8859376463799435
KMSY/train,relative,116,118,1023,4.733992414540808
KMSY/train,relative,118,120,851,4.018319075503086
KMSY/train,relative,120,122,859,3.975504416195008
KMSY/train,relative,122,124,573,2.6338711637010874
KMSY/train,relative,124,126,692,3.2471509115257504
KMSY/train,relative,126,128,819,3.9140511690052335
KMSY/train,relative,128,130,775,3.392599583843321
KMSY/train,relative,130,132,724,3.124537243372515
KMSY/train,relative,132,134,392,1.569919329368986
KMSY/train,relative,134,136,687,2.9281302030435654
KMSY/train,relative,136,138,560,2.421782899034497
KMSY/train,relative,138,140,686,2.867507786079159
KMSY/train,relative,140,142,1424,5.941696240563715
KMSY/train,relative,142,144,1366,5.603041822031628
KMSY/train,relative,144,146,380,1.453763799704575
KMSY/train,relative,146,148,274,1.1272188428115442
KMSY/train,relative,148,150,523,2.059530258046834
KMSY/train,relative,150,152,583,2.367711155918414
KMSY/train,relative,152,154,548,2.037678043611095
KMSY/train,relative,154,156,482,1.8810041316646675
KMSY/train,relative,156,158,248,0.9340758828620892
KMSY/train,relative,158,160,317,1.1619624773354644
KMSY/train,relative,160,162,430,1.4575132107927402
KMSY/train,relative,162,164,616,2.3546405273327764
KMSY/train,relative,164,166,905,3.384716966532551
KMSY/train,relative,166,168,893,3.2132008358748863
KMSY/train,relative,168,170,1245,4.561404418318489
KMSY/train,relative,170,172,1148,4.10026570262562
KMSY/train,relative,172,174,1881,6.89172224336653
KMSY/train,relative,174,176,3622,13.080830498043952
KMSY/train,relative,176,178,5664,20.125340757652793
KMSY/train,relative,178,180,17267,61.1024787552833
KMSY/train,relative,180,182,18292,64.31856241032983
KMSY/train,relative,182,184,8466,29.683168702521016
KMSY/train,relative,184,186,4109,14.853656847704542
KMSY/train,relative,186,188,2339,8.561608886259137
KMSY/train,relative,188,190,1517,5.525245610270076
KMSY/train,relative,190,192,956,3.300739123095127
KMSY/train,relative,192,194,1625,5.843636540605303
KMSY/train,relative,194,196,2082,7.825357159888654
KMSY/train,relative,196,198,1531,5.803567873936572
KMSY/train,relative,198,200,1080,3.9144409600291965
KMSY/train,relative,200,202,524,1.8179303800345679
KMSY/train,relative,202,204,1373,5.013598787135152
KMSY/train,relative,204,206,1512,5.639201353667659
KMSY/train,relative,206,208,1014,3.9575749221153274
KMSY/train,relative,208,210,619,2.4172989478486215
KMSY/train,relative,210,212,732,2.6980274863465183
KMSY/train,relative,212,214,936,3.546416460792898
KMSY/train,relative,214,216,670,2.570148802519725
KMSY/train,relative,216,218,2015,7.150399709448493
KMSY/train,relative,218,220,1340,4.840421911871545
KMSY/train,relative,220,222,379,1.3068737107100787
KMSY/train,relative,222,224,309,1.141672416436677
KMSY/train,relative,224,226,461,1.8942548473894476
KMSY/train,relative,226,228,388,1.5966124252868212
KMSY/train,relative,228,230,302,1.185188275215296
KMSY/train,relative,230,232,474,1.8993431909559604
KMSY/train,relative,232,234,458,1.7997729770659134
KMSY/train,relative,234,236,544,2.2756184070867675
KMSY/train,relative,236,238,434,1.8166151960961088
KMSY/train,relative,238,240,450,1.875997492327997
KMSY/train,relative,240,242,422,1.7474737742977595
KMSY/train,relative,242,244,691,2.9145469928523653
KMSY/train,relative,244,246,754,3.2907009920295422
KMSY/train,relative,246,248,1265,6.022591058019316
KMSY/train,relative,248,250,2377,11.72704403046555
KMSY/train,relative,250,252,1273,6.132870287916603
KMSY/train,relative,252,254,930,4.194827122779543
KMSY/train,relative,254,256,1160,5.512149708310062
KMSY/train,relative,256,258,1130,5.480794542821286
KMSY/train,relative,258,260,1064,5.092530839250912
KMSY/train,relative,260,262,1805,8.895268480363256
KMSY/train,relative,262,264,2188,10.566253737721809
KMSY/train,relative,264,266,2906,13.916204705226846
KMSY/train,relative,266,268,3078,15.826401981402341
KMSY/train,relative,268,270,3022,16.78398159757876
KMSY/train,relative,270,272,3703,20.554361079889986
KMSY/train,relative,272,274,3092,17.141469597703235
KMSY/train,relative,274,276,2288,12.613932617291766
KMSY/train,relative,276,278,1337,6.913429869484617
KMSY/train,relative,278,280,1100,5.675836241564866
KMSY/train,relative,280,282,794,4.099009505449885
KMSY/train,relative,282,284,1004,5.304681942252273
KMSY/train,relative,284,286,875,4.367037797366493
KMSY/train,relative,286,288,866,4.458284489176549
KMSY/train,relative,288,290,640,3.2081118718197104
KMSY/train,relative,290,292,661,3.2971580928335698
KMSY/train,relative,292,294,698,3.3737291312893376
KMSY/train,relative,294,296,627,3.1132613449171913
KMSY/train,relative,296,298,658,3.321461774099589
KMSY/train,relative,298,300,660,3.2403395437529525
KMSY/train,relative,300,302,648,2.988573562901365
KMSY/train,relative,302,304,631,2.938448199516415
KMSY/train,relative,304,306,578,2.6766240192750956
KMSY/train,relative,306,308,606,2.8635780336235257
KMSY/train,relative,308,310,565,2.6820278770117056
KMSY/train,relative,310,312,600,2.9471134938369232
KMSY/train,relative,312,314,802,3.834355552693296
KMSY/train,relative,314,316,716,3.552630579531069
KMSY/train,relative,316,318,679,3.368422455118207
KMSY/train,relative,318,320,727,3.4568967461359534
KMSY/train,relative,320,322,777,3.8062551766706747
KMSY/train,relative,322,324,775,3.8739806805110675
KMSY/train,relative,324,326,957,4.868846662001943
KMSY/train,relative,326,328,1223,6.5663518918768204
KMSY/train,relative,328,330,1148,5.899181047380807
KMSY/train,relative,330,332,1006,5.345213090383822
KMSY/train,relative,332,334,801,4.208109734365735
KMSY/train,relative,334,336,747,3.9647591706984713
KMSY/train,relative,336,338,715,3.730751451721062
KMSY/train,relative,338,340,756,3.945832737624187
KMSY/train,relative,340,342,939,5.098371089707143
KMSY/train,relative,342,344,846,4.316185911901357
KMSY/train,relative,344,346,902,4.824642068544108
KMSY/train,relative,346,348,822,4.185407427919017
KMSY/train,relative,348,350,988,5.155320207747081
KMSY/train,relative,350,352,1135,6.142128700786543
KMSY/train,relative,352,354,1333,7.030645956886019
KMSY/train,relative,354,356,1705,8.809812866754328
KMSY/train,relative,356,358,2877,15.123274899697208
KMSY/train,relative,358,360,34975,201.4720229177924
KMSY/val,raw,0,2,207,0.7915248806851818
KMSY/val,raw,2,4,151,0.6776889257600953
KMSY/val,raw,4,6,100,0.41758193014917566
KMSY/val,raw,6,8,99,0.46382274631238696
KMSY/val,raw,8,10,189,0.8967356324079825
KMSY/val,raw,10,12,309,1.3482223270424871
KMSY/val,raw,12,14,67,0.32234893617310956
KMSY/val,raw,14,16,147,0.6952220118109098
KMSY/val,raw,16,18,88,0.3519159980154454
KMSY/val,raw,18,20,109,0.5176018066427899
KMSY/val,raw,20,22,105,0.4526308414499747
KMSY/val,raw,22,24,60,0.25380480748433065
KMSY/val,raw,24,26,75,0.3109410158300383
KMSY/val,raw,26,28,52,0.22042322987445573
KMSY/val,raw,28,30,58,0.23547020718395117
KMSY/val,raw,30,32,53,0.21147276797105796
KMSY/val,raw,32,34,56,0.2168838630583707
KMSY/val,raw,34,36,62,0.24729292900229716
KMSY/val,raw,36,38,53,0.21026440661642276
KMSY/val,raw,38,40,71,0.28781233360505354
KMSY/val,raw,40,42,77,0.302786607991667
KMSY/val,raw,42,44,161,0.790862508248674
KMSY/val,raw,44,46,116,0.596680077929399
KMSY/val,raw,46,48,70,0.2585365486719855
KMSY/val,raw,48,50,53,0.2145538551037891
KMSY/val,raw,50,52,175,0.9485828438440755
KMSY/val,raw,52,54,62,0.24413966270524057
KMSY/val,raw,54,56,59,0.24067093899489223
KMSY/val,raw,56,58,55,0.21934240060642907
KMSY/val,raw,58,60,85,0.3357464446895335
KMSY/val,raw,60,62,81,0.3188704112375227
KMSY/val,raw,62,64,94,0.3668747208789185
KMSY/val,raw,64,66,102,0.4138136852371552
KMSY/val,raw,66,68,156,0.6138536662137923
KMSY/val,raw,68,70,204,0.7566689220758569
KMSY/val,raw,70,72,140,0.5481766691205436
KMSY/val,raw,72,74,353,1.7045282286078773
KMSY/val,raw,74,76,2101,10.812511544561243
KMSY/val,raw,76,78,202,0.8262591908134844
KMSY/val,raw,78,80,133,0.5540575468828557
KMSY/val,raw,80,82,79,0.31790829484279115
KMSY/val,raw,82,84,78,0.31328336132234824
KMSY/val,raw,84,86,73,0.30495867336268034
KMSY/val,raw,86,88,75,0.2848618649350847
KMSY/val,raw,88,90,117,0.5197175203544404
KMSY/val,raw,90,92,58,0.23300498770089462
KMSY/val,raw,92,94,59,0.23775591678781183
KMSY/val,raw,94,96,53,0.22229591990807762
KMSY/val,raw,96,98,84,0.3012495026774218
KMSY/val,raw,98,100,54,0.22112120784259304
KMSY/val,raw,100,102,78,0.33905272301753797
KMSY/val,raw,102,104,51,0.19755656367927088
KMSY/val,raw,104,106,58,0.23349994778071448
KMSY/val,raw,106,108,46,0.18256493506208926
KMSY/val,raw,108,110,69,0.272219821119009
KMSY/val,raw,110,112,111,0.6288206825850011
KMSY/val,raw,112,114,75,0.33416246679561823
KMSY/val,raw,114,116,85,0.35818702103214406
KMSY/val,raw,116,118,66,0.2632726987904519
KMSY/val,raw,118,120,51,0.22881758987634981
KMSY/val,raw,120,122,62,0.25565634709023755
KMSY/val,raw,122,124,69,0.259149086158196
KMSY/val,raw,124,126,55,0.24232008653818582
KMSY/val,raw,126,128,66,0.2653327189339052
KMSY/val,raw,128,130,99,0.4057532774499819
KMSY/val,raw,130,132,64,0.2345720151377293
KMSY/val,raw,132,134,60,0.2428911862007297
KMSY/val,raw,134,136,107,0.45252086051378626
KMSY/val,raw,136,138,180,0.8504226026755859
KMSY/val,raw,138,140,65,0.26592649104225075
KMSY/val,raw,140,142,75,0.305545139900417
KMSY/val,raw,142,144,124,0.7106591733687182
KMSY/val,raw,144,146,122,0.5160502018946573
KMSY/val,raw,146,148,207,0.8661259947096767
KMSY/val,raw,148,150,151,0.6744129266364922
KMSY/val,raw,150,152,99,0.41834457613852294
KMSY/val,raw,152,154,151,0.6678937468645216
KMSY/val,raw,154,156,138,0.6150555026685396
KMSY/val,raw,156,158,471,1.832985317331996
KMSY/val,raw,158,160,764,2.819541622045598
KMSY/val,raw,160,162,656,2.836379167855256
KMSY/val,raw,162,164,2059,9.20461286559604
KMSY/val,raw,164,166,13336,69.73189273085285
KMSY/val,raw,166,168,1244,4.938485742270871
KMSY/val,raw,168,170,412,1.864015130216984
KMSY/val,raw,170,172,254,1.0939451798162168
KMSY/val,raw,172,174,215,0.9347885466649473
KMSY/val,raw,174,176,205,0.8744532925037447
KMSY/val,raw,176,178,297,1.181953839296142
KMSY/val,raw,178,180,280,1.13860613357474
KMSY/val,raw,180,182,139,0.6598105293139156
KMSY/val,raw,182,184,143,0.7704144677337013
KMSY/val,raw,184,186,226,1.1120119231403578
KMSY/val,raw,186,188,263,1.161178485801372
KMSY/val,raw,188,190,452,1.8917556135468203
KMSY/val,raw,190,192,189,1.0069969921278243
KMSY/val,raw,192,194,194,0.8777335351902877
KMSY/val,raw,194,196,256,1.127438854701154
KMSY/val,raw,196,198,168,0.7359219090455156
KMSY/val,raw,198,200,301,1.2243694180168063
KMSY/val,raw,200,202,457,1.8195810490241513
KMSY/val,raw,202,204,231,0.9573427143884601
KMSY/val,raw,204,206,71,0.36917672767100385
KMSY/val,raw,206,208,208,1.213312573315335
KMSY/val,raw,208,210,106,0.5171542679373999
KMSY/val,raw,210,212,142,0.7205547199910143
KMSY/val,raw,212,214,109,0.6055915106077521
KMSY/val,raw,214,216,165,0.9220772782551876
KMSY/val,raw,216,218,280,1.2497153846621813
KMSY/val,raw,218,220,75,0.3516439739371151
KMSY/val,raw,220,222,160,0.7045471772241001
KMSY/val,raw,222,224,74,0.37974199055864233
KMSY/val,raw,224,226,118,0.5352385579684267
KMSY/val,raw,226,228,211,0.9528992542869332
KMSY/val,raw,228,230,179,0.8599546983087407
KMSY/val,raw,230,232,452,2.221032106336338
KMSY/val,raw,232,234,827,4.210780695916384
KMSY/val,raw,234,236,160,0.7902625361433877
KMSY/val,raw,236,238,239,1.2021187850267552
KMSY/val,raw,238,240,447,2.2914353606910822
KMSY/val,raw,240,242,217,1.0889450438237702
KMSY/val,raw,242,244,178,0.8433352772882756
KMSY/val,raw,244,246,247,1.2445045210118906
KMSY/val,raw,246,248,509,2.425171395291329
KMSY/val,raw,248,250,727,3.988276964667051
KMSY/val,raw,250,252,1113,6.115904044931085
KMSY/val,raw,252,254,1272,6.348181542012782
KMSY/val,raw,254,256,1007,4.763762438483639
KMSY/val,raw,256,258,796,3.762180637758604
KMSY/val,raw,258,260,786,4.152464926157762
KMSY/val,raw,260,262,343,1.7866384689453696
KMSY/val,raw,262,264,319,1.652483747221936
KMSY/val,raw,264,266,290,1.565407741033198
KMSY/val,raw,266,268,241,1.3043136848285712
KMSY/val,raw,268,270,571,3.0015105645001654
KMSY/val,raw,270,272,423,2.2191240647337906
KMSY/val,raw,272,274,945,4.247949749034632
KMSY/val,raw,274,276,580,3.0485210505562463
KMSY/val,raw,276,278,250,1.3324552961744303
KMSY/val,raw,278,280,236,1.271686016906358
KMSY/val,raw,280,282,348,1.7428127712986452
KMSY/val,raw,282,284,416,2.0278298480399712
KMSY/val,raw,284,286,156,0.7564110382758145
KMSY/val,raw,286,288,161,0.8229063982320213
KMSY/val,raw,288,290,106,0.5230497893312531
KMSY/val,raw,290,292,215,0.9827483677640316
KMSY/val,raw,292,294,115,0.5232880351479707
KMSY/val,raw,294,296,104,0.5067069728581259
KMSY/val,raw,296,298,173,0.7549012138312605
KMSY/val,raw,298,300,119,0.6032482614640458
KMSY/val,raw,300,302,216,1.046374443695015
KMSY/val,raw,302,304,144,0.6967448716005151
KMSY/val,raw,304,306,108,0.5386832330706284
KMSY/val,raw,306,308,162,0.8338551212992797
KMSY/val,raw,308,310,203,1.0643710818819159
KMSY/val,raw,310,312,358,1.8792873187095722
KMSY/val,raw,312,314,264,1.3674279602012405
KMSY/val,raw,314,316,186,1.004291232206299
KMSY/val,raw,316,318,119,0.6199788100720127
KMSY/val,raw,318,320,210,1.1619792957723973
KMSY/val,raw,320,322,164,0.8233338246593007
KMSY/val,raw,322,324,108,0.5461111841502202
KMSY/val,raw,324,326,199,1.1736853235757394
KMSY/val,raw,326,328,153,0.854052146242509
KMSY/val,raw,328,330,254,1.3010042490527667
KMSY/val,raw,330,332,273,1.415573084360517
KMSY/val,raw,332,334,183,0.9468585620311956
KMSY/val,raw,334,336,183,0.9340339755410128
KMSY/val,raw,336,338,232,1.1938690558480403
KMSY/val,raw,338,340,846,3.30122627463561
KMSY/val,raw,340,342,979,4.21372496234045
KMSY/val,raw,342,344,5684,31.210861861193905
KMSY/val,raw,344,346,30217,190.80468675211443
KMSY/val,raw,346,348,2039,8.831370277912583
KMSY/val,raw,348,350,718,3.1980566057874853
KMSY/val,raw,350,352,526,2.1320753418856953
KMSY/val,raw,352,354,340,1.6366111428201293
KMSY/val,raw,354,356,189,1.0061194376648928
KMSY/val,raw,356,358,210,0.8443547230326658
KMSY/val,raw,358,360,159,0.6791036112700795
KMSY/val,smoothed,0,2,210,0.8120082420739615
KMSY/val,smoothed,2,4,150,0.6844347262953691
KMSY/val,smoothed,4,6,105,0.43079523082378834
KMSY/val,smoothed,6,8,93,0.4157267400966935
KMSY/val,smoothed,8,10,192,0.9394733068675096
KMSY/val,smoothed,10,12,312,1.3586384610687121
KMSY/val,smoothed,12,14,67,0.32314202527516844
KMSY/val,smoothed,14,16,152,0.7033865089864646
KMSY/val,smoothed,16,18,75,0.30977954407878894
KMSY/val,smoothed,18,20,111,0.514739896558952
KMSY/val,smoothed,20,22,111,0.48342478084137763
KMSY/val,smoothed,22,24,60,0.25788367964558123
KMSY/val,smoothed,24,26,72,0.28993257137998185
KMSY/val,smoothed,26,28,57,0.24516798251477656
KMSY/val,smoothed,28,30,47,0.18478616834262596
KMSY/val,smoothed,30,32,58,0.2326995463245698
KMSY/val,smoothed,32,34,63,0.2550848407470774
KMSY/val,smoothed,34,36,60,0.23649496134377657
KMSY/val,smoothed,36,38,58,0.22689167699495627
KMSY/val,smoothed,38,40,65,0.2651504936514115
KMSY/val,smoothed,40,42,75,0.29711441591565446
KMSY/val,smoothed,42,44,174,0.8454944358344143
KMSY/val,smoothed,44,46,95,0.510285222003688
KMSY/val,smoothed,46,48,90,0.34813236909487344
KMSY/val,smoothed,48,50,49,0.1857777199214432
KMSY/val,smoothed,50,52,172,0.9454550844071452
KMSY/val,smoothed,52,54,74,0.2859853056292341
KMSY/val,smoothed,54,56,47,0.19313771502807597
KMSY/val,smoothed,56,58,64,0.25336307287424376
KMSY/val,smoothed,58,60,77,0.30709558360610245
KMSY/val,smoothed,60,62,86,0.3416288875506748
KMSY/val,smoothed,62,64,91,0.35474925061040885
KMSY/val,smoothed,64,66,112,0.44497832470644383
KMSY/val,smoothed,66,68,146,0.5900986753087825
KMSY/val,smoothed,68,70,198,0.7317236407800838
KMSY/val,smoothed,70,72,139,0.5564515009579019
KMSY/val,smoothed,72,74,338,1.6128968364304157
KMSY/val,smoothed,74,76,2112,10.872847959985414
KMSY/val,smoothed,76,78,196,0.7933439649694378
KMSY/val,smoothed,78,80,130,0.5338354567344545
KMSY/val,smoothed,80,82,82,0.3369164676341221
KMSY/val,smoothed,82,84,78,0.30542632931840785
KMSY/val,smoothed,84,86,73,0.3006669710382539
KMSY/val,smoothed,86,88,72,0.28552785869050723
KMSY/val,smoothed,88,90,114,0.5010091643515935
KMSY/val,smoothed,90,92,65,0.2679769322108996
KMSY/val,smoothed,92,94,62,0.2519861980060938
KMSY/val,smoothed,94,96,49,0.19975187484880053
KMSY/val,smoothed,96,98,80,0.28948786099027757
KMSY/val,smoothed,98,100,60,0.24359227677270923
KMSY/val,smoothed,100,102,76,0.32750347886071296
KMSY/val,smoothed,102,104,52,0.20161404327001264
KMSY/val,smoothed,104,106,56,0.22375847389145775
KMSY/val,smoothed,106,108,60,0.24015783014126413
KMSY/val,smoothed,108,110,56,0.22164763853522373
KMSY/val,smoothed,110,112,115,0.6471281972122966
KMSY/val,smoothed,112,114,71,0.3152442950334233
KMSY/val,smoothed,114,116,87,0.3712087170664091
KMSY/val,smoothed,116,118,62,0.25052067867354566
KMSY/val,smoothed,118,120,58,0.25326078904712546
KMSY/val,smoothed,120,122,50,0.2124940105386699
KMSY/val,smoothed,122,124,82,0.3150329438250097
KMSY/val,smoothed,124,126,56,0.23688744924378113
KMSY/val,smoothed,126,128,69,0.2881370724808221
KMSY/val,smoothed,128,130,90,0.36073770786147463
KMSY/val,smoothed,130,132,59,0.21491576399764512
KMSY/val,smoothed,132,134,79,0.3265136930449799
KMSY/val,smoothed,134,136,103,0.4331791114111496
KMSY/val,smoothed,136,138,181,0.8589042618893927
KMSY/val,smoothed,138,140,51,0.20674711606881857
KMSY/val,smoothed,140,142,94,0.37836594134907386
KMSY/val,smoothed,142,144,118,0.703631878856477
KMSY/val,smoothed,144,146,127,0.5407543509929553
KMSY/val,smoothed,146,148,211,0.8662784165360975
KMSY/val,smoothed,148,150,142,0.6343999516946468
KMSY/val,smoothed,150,152,106,0.46008168233706215
KMSY/val,smoothed,152,154,158,0.7025431132603615
KMSY/val,smoothed,154,156,134,0.5848063689031093
KMSY/val,smoothed,156,158,468,1.8193529281998693
KMSY/val,smoothed,158,160,770,2.83501876788948
KMSY/val,smoothed,160,162,660,2.8493603314419573
KMSY/val,smoothed,162,164,1947,8.628211642579366
KMSY/val,smoothed,164,166,13356,69.87685764642933
KMSY/val,smoothed,166,168,1235,4.86908016325728
KMSY/val,smoothed,168,170,413,1.864929608082548
KMSY/val,smoothed,170,172,262,1.142433551195893
KMSY/val,smoothed,172,174,226,0.9749425806564886
KMSY/val,smoothed,174,176,196,0.851799293963154
KMSY/val,smoothed,176,178,316,1.2756268582697317
KMSY/val,smoothed,178,180,276,1.1147558938882582
KMSY/val,smoothed,180,182,142,0.6716260130891669
KMSY/val,smoothed,182,184,132,0.7086314385756225
KMSY/val,smoothed,184,186,237,1.1775384269638494
KMSY/val,smoothed,186,188,258,1.1286810672566503
KMSY/val,smoothed,188,190,456,1.939777104528332
KMSY/val,smoothed,190,192,181,0.9470032027522848
KMSY/val,smoothed,192,194,205,0.937358123776022
KMSY/val,smoothed,194,196,252,1.1054727363842574
KMSY/val,smoothed,196,198,175,0.7719916800126612
KMSY/val,smoothed,198,200,303,1.2431034871971463
KMSY/val,smoothed,200,202,455,1.7955589635242575
KMSY/val,smoothed,202,204,241,0.9970349824611731
KMSY/val,smoothed,204,206,68,0.3713937272999317
KMSY/val,smoothed,206,208,210,1.2200576978928552
KMSY/val,smoothed,208,210,111,0.5408835266276526
KMSY/val,smoothed,210,212,131,0.6576358917841958
KMSY/val,smoothed,212,214,129,0.7157797894070654
KMSY/val,smoothed,214,216,156,0.8768555323771352
KMSY/val,smoothed,216,218,274,1.2355779948848067
KMSY/val,smoothed,218,220,92,0.414770248873765
KMSY/val,smoothed,220,222,148,0.6670713614871602
KMSY/val,smoothed,222,224,84,0.40100372604507584
KMSY/val,smoothed,224,226,123,0.5757895032327838
KMSY/val,smoothed,226,228,198,0.8847475945142662
KMSY/val,smoothed,228,230,189,0.9149024009223865
KMSY/val,smoothed,230,232,450,2.2103291192448467
KMSY/val,smoothed,232,234,826,4.20172647794206
KMSY/val,smoothed,234,236,169,0.8408181027291732
KMSY/val,smoothed,236,238,251,1.2547662812353622
KMSY/val,smoothed,238,240,443,2.2788423537032827
KMSY/val,smoothed,240,242,223,1.1166747904698582
KMSY/val,smoothed,242,244,177,0.8360411737113225
KMSY/val,smoothed,244,246,254,1.2662798257701127
KMSY/val,smoothed,246,248,498,2.401016965231719
KMSY/val,smoothed,248,250,728,3.9819233380896435
KMSY/val,smoothed,250,252,1111,6.106554569614559
KMSY/val,smoothed,252,254,1287,6.435601377055747
KMSY/val,smoothed,254,256,1008,4.761512695416286
KMSY/val,smoothed,256,258,786,3.727075421662704
KMSY/val,smoothed,258,260,799,4.226167338397829
KMSY/val,smoothed,260,262,346,1.7881409821361842
KMSY/val,smoothed,262,264,309,1.610449642685893
KMSY/val,smoothed,264,266,318,1.7117762410973967
KMSY/val,smoothed,266,268,242,1.3015432729672511
KMSY/val,smoothed,268,270,566,2.9718927125484242
KMSY/val,smoothed,270,272,427,2.253809886153789
KMSY/val,smoothed,272,274,933,4.178958239245787
KMSY/val,smoothed,274,276,595,3.1384315194809176
KMSY/val,smoothed,276,278,258,1.3735887603095307
KMSY/val,smoothed,278,280,244,1.2889913840550378
KMSY/val,smoothed,280,282,349,1.769403834352886
KMSY/val,smoothed,282,284,416,2.0217865322330795
KMSY/val,smoothed,284,286,144,0.6907147713200175
KMSY/val,smoothed,286,288,183,0.9443251359428189
KMSY/val,smoothed,288,290,95,0.4607290359586784
KMSY/val,smoothed,290,292,218,0.9799379837371589
KMSY/val,smoothed,292,294,121,0.5840262234870295
KMSY/val,smoothed,294,296,92,0.4313380948978818
KMSY/val,smoothed,296,298,184,0.8199436447175685
KMSY/val,smoothed,298,300,137,0.6858164802992803
KMSY/val,smoothed,300,302,192,0.9302415177949683
KMSY/val,smoothed,302,304,156,0.7581577058305982
KMSY/val,smoothed,304,306,111,0.5532276576206243
KMSY/val,smoothed,306,308,153,0.7926475630598873
KMSY/val,smoothed,308,310,209,1.1044422167870778
KMSY/val,smoothed,310,312,342,1.7795529342788825
KMSY/val,smoothed,312,314,276,1.4536717816942826
KMSY/val,smoothed,314,316,180,0.929473194851056
KMSY/val,smoothed,316,318,116,0.621999938455275
KMSY/val,smoothed,318,320,217,1.2109137611636243
KMSY/val,smoothed,320,322,156,0.7594119906650008
KMSY/val,smoothed,322,324,118,0.623199978361697
KMSY/val,smoothed,324,326,205,1.20418275983684
KMSY/val,smoothed,326,328,150,0.8394175448617034
KMSY/val,smoothed,328,330,265,1.3436028729054783
KMSY/val,smoothed,330,332,273,1.4179159102127414
KMSY/val,smoothed,332,334,191,0.9997290876667648
KMSY/val,smoothed,334,336,195,1.0139297417025546
KMSY/val,smoothed,336,338,215,1.0897064073058687
KMSY/val,smoothed,338,340,858,3.382102654397272
KMSY/val,smoothed,340,342,986,4.230601473987576
KMSY/val,smoothed,342,344,5409,29.535117711458952
KMSY/val,smoothed,344,346,30415,192.14250558178526
KMSY/val,smoothed,346,348,2022,8.655645123630904
KMSY/val,smoothed,348,350,701,3.115396559491387
KMSY/val,smoothed,350,352,540,2.1837348642725374
KMSY/val,smoothed,352,354,328,1.5859574840235382
KMSY/val,smoothed,354,356,208,1.0950038553935428
KMSY/val,smoothed,356,358,192,0.7750731303216298
KMSY/val,smoothed,358,360,166,0.6870535844234382
KMSY/val,relative,0,2,39687,246.7252409489517
KMSY/val,relative,2,4,976,5.452304969961574
KMSY/val,relative,4,6,408,2.2619058035994613
KMSY/val,relative,6,8,250,1.3442177198836873
KMSY/val,relative,8,10,256,1.5180518704907229
KMSY/val,relative,10,12,159,0.8316008540431881
KMSY/val,relative,12,14,142,0.7610475250886566
KMSY/val,relative,14,16,145,0.7532675876151984
KMSY/val,relative,16,18,148,0.7875554047358833
KMSY/val,relative,18,20,151,0.8891781208348561
KMSY/val,relative,20,22,168,0.9854298299270567
KMSY/val,relative,22,24,134,0.7159218930263478
KMSY/val,relative,24,26,204,1.2562366783868697
KMSY/val,relative,26,28,180,1.0156860531679968
KMSY/val,relative,28,30,115,0.6283451801751312
KMSY/val,relative,30,32,94,0.4628159821730833
KMSY/val,relative,32,34,136,0.6458508988735048
KMSY/val,relative,34,36,104,0.4841640808451757
KMSY/val,relative,36,38,79,0.42332392288159326
KMSY/val,relative,38,40,88,0.4618860116078167
KMSY/val,relative,40,42,92,0.4643336375104923
KMSY/val,relative,42,44,186,1.1255785430668652
KMSY/val,relative,44,46,88,0.4409654671635508
KMSY/val,relative,46,48,88,0.47879835863460585
KMSY/val,relative,48,50,133,0.7346362856002315
KMSY/val,relative,50,52,166,0.9089547555211084
KMSY/val,relative,52,54,93,0.49819686027581156
KMSY/val,relative,54,56,67,0.3041144025877429
KMSY/val,relative,56,58,98,0.4013364504368724
KMSY/val,relative,58,60,115,0.524236918031761
KMSY/val,relative,60,62,93,0.5337110367960918
KMSY/val,relative,62,64,47,0.20417733536555716
KMSY/val,relative,64,66,68,0.29886698353192287
KMSY/val,relative,66,68,67,0.314498679342023
KMSY/val,relative,68,70,73,0.3403528908425528
KMSY/val,relative,70,72,67,0.3197088276313593
KMSY/val,relative,72,74,71,0.3461861437459106
KMSY/val,relative,74,76,56,0.24801758621617864
KMSY/val,relative,76,78,64,0.2917905758533266
KMSY/val,relative,78,80,72,0.3263036160921047
KMSY/val,relative,80,82,112,0.5399233414835862
KMSY/val,relative,82,84,127,0.5994626352639898
KMSY/val,relative,84,86,190,0.8880636770329602
KMSY/val,relative,86,88,251,1.255433820908138
KMSY/val,relative,88,90,205,0.9723134671476714
KMSY/val,relative,90,92,124,0.5573593757157482
KMSY/val,relative,92,94,127,0.542133371103148
KMSY/val,relative,94,96,177,0.6954220021729043
KMSY/val,relative,96,98,188,0.9133942290937966
KMSY/val,relative,98,100,234,1.2092262997024363
KMSY/val,relative,100,102,209,1.0806390740556822
KMSY/val,relative,102,104,150,0.7439099001322802
KMSY/val,relative,104,106,262,1.3848019154207805
KMSY/val,relative,106,108,275,1.4406672100377023
KMSY/val,relative,108,110,759,3.3041541622073396
KMSY/val,relative,110,112,352,1.853448299657316
KMSY/val,relative,112,114,136,0.6769242335415129
KMSY/val,relative,114,116,143,0.7335949445709389
KMSY/val,relative,116,118,289,1.3906334798086846
KMSY/val,relative,118,120,319,1.4871201343652274
KMSY/val,relative,120,122,54,0.2197934507324817
KMSY/val,relative,122,124,82,0.36173861135694096
KMSY/val,relative,124,126,38,0.14436322029791882
KMSY/val,relative,126,128,144,0.5907550785386206
KMSY/val,relative,128,130,58,0.23242482811974696
KMSY/val,relative,130,132,35,0.12890447400309313
KMSY/val,relative,132,134,29,0.10921559217609911
KMSY/val,relative,134,136,60,0.24821868195590469
KMSY/val,relative,136,138,104,0.4408841636366674
KMSY/val,relative,138,140,38,0.14806829115309483
KMSY/val,relative,140,142,100,0.38773996199466865
KMSY/val,relative,142,144,117,0.4563436471028126
KMSY/val,relative,144,146,81,0.3207940931694111
KMSY/val,relative,146,148,142,0.5867328150060303
KMSY/val,relative,148,150,115,0.43099725493686947
KMSY/val,relative,150,152,123,0.5019494221642731
KMSY/val,relative,152,154,134,0.605799826894156
KMSY/val,relative,154,156,28,0.09924118812131155
KMSY/val,relative,156,158,31,0.11354429776559982
KMSY/val,relative,158,160,35,0.130657353447873
KMSY/val,relative,160,162,106,0.4223003301599988
KMSY/val,relative,162,164,165,0.6247396712378759
KMSY/val,relative,164,166,109,0.41987864988243473
KMSY/val,relative,166,168,118,0.4585576060450762
KMSY/val,relative,168,170,112,0.4397087325350526
KMSY/val,relative,170,172,94,0.3556356310380693
KMSY/val,relative,172,174,424,1.5466540028825193
KMSY/val,relative,174,176,1261,4.2967753678544796
KMSY/val,relative,176,178,935,3.3142901976697203
KMSY/val,relative,178,180,3033,10.676308940942135
KMSY/val,relative,180,182,4107,14.468264774629006
KMSY/val,relative,182,184,2319,8.203062979028346
KMSY/val,relative,184,186,696,2.6795569386346187
KMSY/val,relative,186,188,568,2.0344914377758982
KMSY/val,relative,188,190,267,0.9083627228023374
KMSY/val,relative,190,192,160,0.5513784197102041
KMSY/val,relative,192,194,438,1.5603840497343526
KMSY/val,relative,194,196,309,1.0686145868371568
KMSY/val,relative,196,198,233,0.7939493505269297
KMSY/val,relative,198,200,186,0.7035693243490186
KMSY/val,relative,200,202,221,0.754323402105058
KMSY/val,relative,202,204,230,0.8123781999075277
KMSY/val,relative,204,206,463,1.779641860659126
KMSY/val,relative,206,208,308,1.252167448220007
KMSY/val,relative,208,210,152,0.6083433121792723
KMSY/val,relative,210,212,306,1.3198740471511314
KMSY/val,relative,212,214,110,0.40744951917224626
KMSY/val,relative,214,216,271,1.0427545533927969
KMSY/val,relative,216,218,505,1.8965000626354822
KMSY/val,relative,218,220,186,0.6860262550869152
KMSY/val,relative,220,222,90,0.3185255959199367
KMSY/val,relative,222,224,66,0.24091409176281786
KMSY/val,relative,224,226,86,0.3385738685058186
KMSY/val,relative,226,228,93,0.37677091866737555
KMSY/val,relative,228,230,49,0.18669097078799268
KMSY/val,relative,230,232,54,0.212030468923615
KMSY/val,relative,232,234,80,0.3305574376367417
KMSY/val,relative,234,236,71,0.28305108160185455
KMSY/val,relative,236,238,102,0.4679214641910221
KMSY/val,relative,238,240,61,0.24212430437984267
KMSY/val,relative,240,242,85,0.38658994589201257
KMSY/val,relative,242,244,229,0.9484258418639797
KMSY/val,relative,244,246,159,0.7452262497111519
KMSY/val,relative,246,248,476,2.3180849544997386
KMSY/val,relative,248,250,800,4.0101609036492505
KMSY/val,relative,250,252,213,1.0408100962933418
KMSY/val,relative,252,254,303,1.448449100193443
KMSY/val,relative,254,256,501,2.5179432140703852
KMSY/val,relative,256,258,345,1.7189376970779904
KMSY/val,relative,258,260,211,0.9349360208265693
KMSY/val,relative,260,262,244,1.121649156000558
KMSY/val,relative,262,264,530,2.4186790873056907
KMSY/val,relative,264,266,757,3.9557404867137507
KMSY/val,relative,266,268,1296,7.062711709207974
KMSY/val,relative,268,270,922,5.021682039456039
KMSY/val,relative,270,272,688,3.7183615296666517
KMSY/val,relative,272,274,498,2.5801821123576474
KMSY/val,relative,274,276,734,4.057648264138038
KMSY/val,relative,276,278,257,1.2904714837044367
KMSY/val,relative,278,280,223,1.18003094059452
KMSY/val,relative,280,282,191,0.9969698968375269
KMSY/val,relative,282,284,190,0.9939860802318208
KMSY/val,relative,284,286,321,1.7338307498780523
KMSY/val,relative,286,288,210,1.0634781995210574
KMSY/val,relative,288,290,190,0.9792305813694497
KMSY/val,relative,290,292,207,1.167494268961832
KMSY/val,relative,292,294,173,0.8892903525864995
KMSY/val,relative,294,296,164,0.8168831437628228
KMSY/val,relative,296,298,174,0.8776230843510575
KMSY/val,relative,298,300,122,0.5986563263069797
KMSY/val,relative,300,302,133,0.6466953807550908
KMSY/val,relative,302,304,170,0.8781060140117347
KMSY/val,relative,304,306,164,0.8379180448875445
KMSY/val,relative,306,308,176,0.9701654661545263
KMSY/val,relative,308,310,146,0.7440891621359924
KMSY/val,relative,310,312,149,0.7032699182683473
KMSY/val,relative,312,314,157,0.7832270963818928
KMSY/val,relative,314,316,154,0.7795208736206405
KMSY/val,relative,316,318,146,0.7297189219975735
KMSY/val,relative,318,320,191,0.8900334889483474
KMSY/val,relative,320,322,145,0.7334444063387764
KMSY/val,relative,322,324,199,1.0070514526131547
KMSY/val,relative,324,326,229,1.1956007707186131
KMSY/val,relative,326,328,289,1.5214044763401944
KMSY/val,relative,328,330,327,1.8627876451318457
KMSY/val,relative,330,332,182,0.9711149664536833
KMSY/val,relative,332,334,170,0.910500950243545
KMSY/val,relative,334,336,272,1.5274390702986693
KMSY/val,relative,336,338,261,1.3141843037931835
KMSY/val,relative,338,340,206,1.2195703255168837
KMSY/val,relative,340,342,220,1.2944180453147283
KMSY/val,relative,342,344,190,1.0664911058759685
KMSY/val,relative,344,346,191,1.009142656262327
KMSY/val,relative,346,348,195,1.0681298468026057
KMSY/val,relative,348,350,214,1.1363496664587274
KMSY/val,relative,350,352,232,1.229247999044901
KMSY/val,relative,352,354,291,1.5129548411755422
KMSY/val,relative,354,356,317,1.6528464023115248
KMSY/val,relative,356,358,641,3.3264294380031743
KMSY/val,relative,358,360,7209,41.76529265344709
POOLED/train,raw,0,2,10589,50.211270272768836
POOLED/train,raw,2,4,21094,85.50808093143243
POOLED/train,raw,4,6,12589,59.33064596477004
POOLED/train,raw,6,8,16717,70.21725441818106
POOLED/train,raw,8,10,7816,35.426576598940756
POOLED/train,raw,10,12,7559,35.56355750814714
POOLED/train,raw,12,14,6908,32.71013575053587
POOLED/train,raw,14,16,7846,38.52496535183576
POOLED/train,raw,16,18,7421,33.724883820063724
POOLED/train,raw,18,20,6711,28.29389910099212
POOLED/train,raw,20,22,6263,26.60215174866687
POOLED/train,raw,22,24,5338,21.451481700391298
POOLED/train,raw,24,26,11097,49.44700611513451
POOLED/train,raw,26,28,32179,147.73739916831005
POOLED/train,raw,28,30,6490,27.387353173693214
POOLED/train,raw,30,32,5511,22.62822909216527
POOLED/train,raw,32,34,5587,22.998761351805115
POOLED/train,raw,34,36,14086,53.53834520036298
POOLED/train,raw,36,38,25048,87.82910970631724
POOLED/train,raw,38,40,7319,29.10317512107497
POOLED/train,raw,40,42,9260,37.10067521309077
POOLED/train,raw,42,44,21844,90.44897759135529
POOLED/train,raw,44,46,257819,1320.020254723897
POOLED/train,raw,46,48,14603,57.86841291332803
POOLED/train,raw,48,50,7827,30.34886612405535
POOLED/train,raw,50,52,6668,25.346653583059833
POOLED/train,raw,52,54,5979,22.646480497999164
POOLED/train,raw,54,56,6109,23.480366185922776
POOLED/train,raw,56,58,7392,28.054561807746722
POOLED/train,raw,58,60,8402,32.1437307192291
POOLED/train,raw,60,62,8164,30.440119243820845
POOLED/train,raw,62,64,6937,25.74175070911133
POOLED/train,raw,64,66,6602,24.666459846561338
POOLED/train,raw,66,68,5833,22.21430405096089
POOLED/train,raw,68,70,5852,22.45639456316485
POOLED/train,raw,70,72,5885,22.323681692935224
POOLED/train,raw,72,74,7666,30.138761410223196
POOLED/train,raw,74,76,48568,177.9438164102121
POOLED/train,raw,76,78,11294,40.72290518763339
POOLED/train,raw,78,80,5430,21.746071642578045
POOLED/train,raw,80,82,6217,23.562841379896327
POOLED/train,raw,82,84,5136,19.80846763919908
POOLED/train,raw,84,86,7720,28.844736355133136
POOLED/train,raw,86,88,9312,36.447938924544815
POOLED/train,raw,88,90,47872,227.70000045969027
POOLED/train,raw,90,92,7997,35.99933504434057
POOLED/train,raw,92,94,4777,20.17936853172796
POOLED/train,raw,94,96,4717,19.312059031598437
POOLED/train,raw,96,98,5637,22.5753851818954
POOLED/train,raw,98,100,5429,25.04474970082947
POOLED/train,raw,100,102,8950,52.49970460714894
POOLED/train,raw,102,104,6646,34.706589532054295
POOLED/train,raw,104,106,7937,39.00892004808111
POOLED/train,raw,106,108,43239,165.58805437033243
POOLED/train,raw,108,110,5628,26.30425651079031
POOLED/train,raw,110,112,5177,24.255278841949803
POOLED/train,raw,112,114,19893,74.79290428687
POOLED/train,raw,114,116,20435,78.43799764833102
POOLED/train,raw,116,118,7356,33.637929434637954
POOLED/train,raw,118,120,17618,77.52515828472087
POOLED/train,raw,120,122,7838,39.51460693716126
POOLED/train,raw,122,124,7857,40.50753767646802
POOLED/train,raw,124,126,9238,46.48236302948044
POOLED/train,raw,126,128,13030,61.61514139032988
POOLED/train,raw,128,130,59320,285.0263654015962
POOLED/train,raw,130,132,561768,3888.338483980174
POOLED/train,raw,132,134,33744,224.9386814190657
POOLED/train,raw,134,136,6718,32.59025705653221
POOLED/train,raw,136,138,6691,29.89812779298518
POOLED/train,raw,138,140,7275,33.32671008508987
POOLED/train,raw,140,142,6031,25.467037727312345
POOLED/train,raw,142,144,6030,27.842299050520523
POOLED/train,raw,144,146,8701,44.916190501151505
POOLED/train,raw,146,148,160819,994.2019900849045
POOLED/train,raw,148,150,119929,563.4476013117364
POOLED/train,raw,150,152,17307,70.72699446969636
POOLED/train,raw,152,154,5338,23.785223067450715
POOLED/train,raw,154,156,4365,19.444088299316718
POOLED/train,raw,156,158,4558,19.399176294165954
POOLED/train,raw,158,160,5512,22.60522806130939
POOLED/train,raw,160,162,5889,23.99674166247678
POOLED/train,raw,162,164,14635,62.50673192185968
POOLED/train,raw,164,166,62372,325.14550198345387
POOLED/train,raw,166,168,6390,27.533518014131914
POOLED/train,raw,168,170,4166,18.601902541291565
POOLED/train,raw,170,172,3487,15.583437773560945
POOLED/train,raw,172,174,3428,15.60808922506294
POOLED/train,raw,174,176,3320,14.85968750003849
POOLED/train,raw,176,178,4063,17.535406114115176
POOLED/train,raw,178,180,4259,19.861055895120444
POOLED/train,raw,180,182,4638,22.69625706566876
POOLED/train,raw,182,184,4439,22.925783102155037
POOLED/train,raw,184,186,3967,19.763765175310255
POOLED/train,raw,186,188,4851,22.784835199119698
POOLED/train,raw,188,190,4854,21.581972448373563
POOLED/train,raw,190,192,4419,21.200659446456484
POOLED/train,raw,192,194,3813,18.692384966796453
POOLED/train,raw,194,196,4983,25.882337178843954
POOLED/train,raw,196,198,8761,49.036461711586526
POOLED/train,raw,198,200,13481,78.5543912506273
POOLED/train,raw,200,202,19761,115.53110363441556
POOLED/train,raw,202,204,20789,82.8816816655617
POOLED/train,raw,204,206,5360,30.84697830650839
POOLED/train,raw,206,208,8166,50.689995816946976
POOLED/train,raw,208,210,5474,31.641314010914357
POOLED/train,raw,210,212,5359,31.905701457422765
POOLED/train,raw,212,214,11750,75.53521904625813
POOLED/train,raw,214,216,10105,60.553819098749955
POOLED/train,raw,216,218,10943,51.11083704250996
POOLED/train,raw,218,220,14049,60.15741618429274
POOLED/train,raw,220,222,9553,53.08270734295729
POOLED/train,raw,222,224,49462,233.06641934796244
POOLED/train,raw,224,226,508211,3032.237416931732
POOLED/train,raw,226,228,21651,112.7391885045945
POOLED/train,raw,228,230,12046,57.496605953570906
POOLED/train,raw,230,232,32994,121.2241903633203
POOLED/train,raw,232,234,9304,46.828780115338304
POOLED/train,raw,234,236,7616,39.058648570828154
POOLED/train,raw,236,238,7173,34.60337632995106
POOLED/train,raw,238,240,7899,37.14785927127741
POOLED/train,raw,240,242,7911,37.50149595934272
POOLED/train,raw,242,244,6562,31.650545383732606
POOLED/train,raw,244,246,6245,31.198979973873065
POOLED/train,raw,246,248,6598,33.10346679424583
POOLED/train,raw,248,250,8490,44.4888709955103
POOLED/train,raw,250,252,8598,46.08249379739391
POOLED/train,raw,252,254,10580,52.197853752606534
POOLED/train,raw,254,256,11875,63.4127695536954
POOLED/train,raw,256,258,9876,51.61447335113371
POOLED/train,raw,258,260,9573,50.78867165221345
POOLED/train,raw,260,262,9418,49.855385375383776
POOLED/train,raw,262,264,8497,43.28327939256451
POOLED/train,raw,264,266,8055,40.74387415785168
POOLED/train,raw,266,268,12293,62.194295256980695
POOLED/train,raw,268,270,163859,958.7042938510967
POOLED/train,raw,270,272,20595,104.23297219745655
POOLED/train,raw,272,274,11310,51.85473555794306
POOLED/train,raw,274,276,22699,88.83512087017516
POOLED/train,raw,276,278,8947,41.89496947777661
POOLED/train,raw,278,280,8649,41.5054067488054
POOLED/train,raw,280,282,9416,45.666409129451495
POOLED/train,raw,282,284,15367,63.84273714634037
POOLED/train,raw,284,286,5783,28.301779690365947
POOLED/train,raw,286,288,5159,24.670750407003652
POOLED/train,raw,288,290,5626,28.248892783089104
POOLED/train,raw,290,292,6785,35.51989865355063
POOLED/train,raw,292,294,6355,31.55446067869343
POOLED/train,raw,294,296,7108,34.39576954379663
POOLED/train,raw,296,298,7455,37.25774303879007
POOLED/train,raw,298,300,7364,37.5866018179222
POOLED/train,raw,300,302,5936,29.449408875461813
POOLED/train,raw,302,304,5866,28.72910518104618
POOLED/train,raw,304,306,4954,22.04681861187055
POOLED/train,raw,306,308,4797,20.890310684335418
POOLED/train,raw,308,310,5079,21.721558662153257
POOLED/train,raw,310,312,15029,61.50115512904449
POOLED/train,raw,312,314,6824,28.541754126839805
POOLED/train,raw,314,316,7083,29.239913081644772
POOLED/train,raw,316,318,7728,30.91360257843189
POOLED/train,raw,318,320,8437,33.936372225736704
POOLED/train,raw,320,322,9274,37.876890061041195
POOLED/train,raw,322,324,8833,36.21530307550711
POOLED/train,raw,324,326,10391,47.42032900077538
POOLED/train,raw,326,328,221206,1122.5789517853773
POOLED/train,raw,328,330,92063,468.83596085733734
POOLED/train,raw,330,332,9147,41.63985971525835
POOLED/train,raw,332,334,7163,31.335373998372233
POOLED/train,raw,334,336,7122,31.067182112761657
POOLED/train,raw,336,338,7503,33.83846386397636
POOLED/train,raw,338,340,8595,36.907438021687994
POOLED/train,raw,340,342,10450,44.92253489075665
POOLED/train,raw,342,344,49074,250.407132964825
POOLED/train,raw,344,346,151197,956.5853392392601
POOLED/train,raw,346,348,15747,67.98748498756686
POOLED/train,raw,348,350,9957,43.277558549543755
POOLED/train,raw,350,352,7840,34.30914750364536
POOLED/train,raw,352,354,7190,31.26553029178467
POOLED/train,raw,354,356,7711,34.36464547979995
POOLED/train,raw,356,358,8888,39.8138463546602
POOLED/train,raw,358,360,10890,49.108546268354985
POOLED/train,smoothed,0,2,10704,50.688948539119366
POOLED/train,smoothed,2,4,21202,86.10408360897972
POOLED/train,smoothed,4,6,12647,59.67626178429984
POOLED/train,smoothed,6,8,16645,70.09194054384645
POOLED/train,smoothed,8,10,7957,36.01343885211929
POOLED/train,smoothed,10,12,7575,35.719519575452864
POOLED/train,smoothed,12,14,7046,33.38301465701085
POOLED/train,smoothed,14,16,7831,38.52051540673551
POOLED/train,smoothed,16,18,7395,33.54317137039794
POOLED/train,smoothed,18,20,6755,28.643630652566003
POOLED/train,smoothed,20,22,6337,26.82226235494096
POOLED/train,smoothed,22,24,5434,21.986876365160924
POOLED/train,smoothed,24,26,10947,48.66487829327161
POOLED/train,smoothed,26,28,32131,147.473402513736
POOLED/train,smoothed,28,30,6617,27.923368664936902
POOLED/train,smoothed,30,32,5545,22.806742714410916
POOLED/train,smoothed,32,34,5754,23.726751905565493
POOLED/train,smoothed,34,36,13959,53.10620858329128
POOLED/train,smoothed,36,38,25537,89.61358126904531
POOLED/train,smoothed,38,40,7429,29.390392309062463
POOLED/train,smoothed,40,42,9407,37.77126354884615
POOLED/train,smoothed,42,44,21339,87.85689885847205
POOLED/train,smoothed,44,46,257446,1319.1926497986403
POOLED/train,smoothed,46,48,14230,56.28122809198612
POOLED/train,smoothed,48,50,7944,30.72414757531442
POOLED/train,smoothed,50,52,6762,25.704527007882007
POOLED/train,smoothed,52,54,6092,22.998242845758796
POOLED/train,smoothed,54,56,6171,23.775393685355084
POOLED/train,smoothed,56,58,7367,28.005060053167654
POOLED/train,smoothed,58,60,8344,31.926485803788182
POOLED/train,smoothed,60,62,8105,30.189933411574657
POOLED/train,smoothed,62,64,6960,25.883356059562175
POOLED/train,smoothed,64,66,6589,24.65522344828605
POOLED/train,smoothed,66,68,5836,22.194228425820256
POOLED/train,smoothed,68,70,5971,22.855635097633694
POOLED/train,smoothed,70,72,6023,22.89931345017476
POOLED/train,smoothed,72,74,7674,29.901278935062237
POOLED/train,smoothed,74,76,48521,177.9938531803591
POOLED/train,smoothed,76,78,11141,40.21918940491514
POOLED/train,smoothed,78,80,5318,21.34455278586165
POOLED/train,smoothed,80,82,6304,23.906657263098623
POOLED/train,smoothed,82,84,5253,20.254143611438394
POOLED/train,smoothed,84,86,7715,28.799817527873984
POOLED/train,smoothed,86,88,9396,36.48108779541326
POOLED/train,smoothed,88,90,47597,227.05924366238605
POOLED/train,smoothed,90,92,7778,34.841243116533406
POOLED/train,smoothed,92,94,4765,20.14317818253221
POOLED/train,smoothed,94,96,4824,19.714625251867346
POOLED/train,smoothed,96,98,5588,22.439351786989846
POOLED/train,smoothed,98,100,5512,25.422960285446152
POOLED/train,smoothed,100,102,9075,53.02600092076045
POOLED/train,smoothed,102,104,6803,35.48245768518427
POOLED/train,smoothed,104,106,8059,39.642826403038725
POOLED/train,smoothed,106,108,42909,164.4772918186177
POOLED/train,smoothed,108,110,5684,26.614207412106225
POOLED/train,smoothed,110,112,5204,24.460513386972707
POOLED/train,smoothed,112,114,20066,75.61748311869587
POOLED/train,smoothed,114,116,20590,78.97751674498795
POOLED/train,smoothed,116,118,7538,34.48765553601652
POOLED/train,smoothed,118,120,17732,78.01463182839325
POOLED/train,smoothed,120,122,7874,39.87522330664342
POOLED/train,smoothed,122,124,8019,41.207132971002466
POOLED/train,smoothed,124,126,9455,47.432573630048864
POOLED/train,smoothed,126,128,13195,62.5571663618648
POOLED/train,smoothed,128,130,58716,279.54356852739875
POOLED/train,smoothed,130,132,565592,3916.1787788028732
POOLED/train,smoothed,132,134,30238,200.74368667373528
POOLED/train,smoothed,134,136,6808,33.04160760368359
POOLED/train,smoothed,136,138,6734,30.14455535838715
POOLED/train,smoothed,138,140,7311,33.608094431474456
POOLED/train,smoothed,140,142,6064,25.799067722588006
POOLED/train,smoothed,142,144,6078,27.89553126192004
POOLED/train,smoothed,144,146,8665,44.483963957914966
POOLED/train,smoothed,146,148,163005,1009.2988219632898
POOLED/train,smoothed,148,150,116416,541.4355929335725
POOLED/train,smoothed,150,152,17138,69.6974153528663
POOLED/train,smoothed,152,154,5374,23.812043149593592
POOLED/train,smoothed,154,156,4495,20.073516926498996
POOLED/train,smoothed,156,158,4655,19.717081419510578
POOLED/train,smoothed,158,160,5503,22.62171516456874
POOLED/train,smoothed,160,162,5931,24.13178787948891
POOLED/train,smoothed,162,164,14192,60.24130825087377
POOLED/train,smoothed,164,166,62421,325.44259620261255
POOLED/train,smoothed,166,168,6392,27.41095005788702
POOLED/train,smoothed,168,170,4210,18.788738185552575
POOLED/train,smoothed,170,172,3565,15.966977453868822
POOLED/train,smoothed,172,174,3419,15.560462156397989
POOLED/train,smoothed,174,176,3376,15.192851584646633
POOLED/train,smoothed,176,178,4078,17.712838334169646
POOLED/train,smoothed,178,180,4319,20.068691603179104
POOLED/train,smoothed,180,182,4622,22.656719761534987
POOLED/train,smoothed,182,184,4458,23.04923255315225
POOLED/train,smoothed,184,186,3939,19.706705241636882
POOLED/train,smoothed,186,188,4913,22.99799886616529
POOLED/train,smoothed,188,190,4890,21.877224691988886
POOLED/train,smoothed,190,192,4456,21.397079771320932
POOLED/train,smoothed,192,194,3837,18.666782092303038
POOLED/train,smoothed,194,196,5019,26.197295804073292
POOLED/train,smoothed,196,198,8835,49.37546954941536
POOLED/train,smoothed,198,200,13519,78.86000220522692
POOLED/train,smoothed,200,202,20173,117.52753680134629
POOLED/train,smoothed,202,204,20784,82.98277711865376
POOLED/train,smoothed,204,206,5451,31.282396789931227
POOLED/train,smoothed,206,208,8305,51.61510309603
POOLED/train,smoothed,208,210,5399,31.242210508808057
POOLED/train,smoothed,210,212,5574,33.065623774504274
POOLED/train,smoothed,212,214,11879,76.51469876974625
POOLED/train,smoothed,214,216,10067,60.4247257615807
POOLED/train,smoothed,216,218,11069,51.67051911473027
POOLED/train,smoothed,218,220,14121,60.50486824983818
POOLED/train,smoothed,220,222,9519,52.68208192018392
POOLED/train,smoothed,222,224,47984,224.56934423706662
POOLED/train,smoothed,224,226,507649,3030.3769875181733
POOLED/train,smoothed,226,228,21456,111.22581413419357
POOLED/train,smoothed,228,230,12158,57.73862026294046
POOLED/train,smoothed,230,232,33359,122.61631671232135
POOLED/train,smoothed,232,234,9362,47.46480315191366
POOLED/train,smoothed,234,236,7711,39.37636170153564
POOLED/train,smoothed,236,238,7174,34.577170928838314
POOLED/train,smoothed,238,240,8031,38.01098595156873
POOLED/train,smoothed,240,242,7826,37.29393056086883
POOLED/train,smoothed,242,244,6716,32.423281033085004
POOLED/train,smoothed,244,246,6267,31.3305475284742
POOLED/train,smoothed,246,248,6707,33.79845323218433
POOLED/train,smoothed,248,250,8524,44.70783647279313
POOLED/train,smoothed,250,252,8738,46.9590362210929
POOLED/train,smoothed,252,254,10609,52.229119529216405
POOLED/train,smoothed,254,256,12034,64.50441347316519
POOLED/train,smoothed,256,258,9847,51.53525695537792
POOLED/train,smoothed,258,260,9745,51.851725819678904
POOLED/train,smoothed,260,262,9313,49.217094831828945
POOLED/train,smoothed,262,264,8628,44.049505034432514
POOLED/train,smoothed,264,266,8090,41.02279325190284
POOLED/train,smoothed,266,268,12018,60.89212066237815
POOLED/train,smoothed,268,270,163717,958.14419789963
POOLED/train,smoothed,270,272,20161,101.54137811583496
POOLED/train,smoothed,272,274,11260,51.499970381533785
POOLED/train,smoothed,274,276,22493,88.16992627667787
POOLED/train,smoothed,276,278,9076,42.837539778625796
POOLED/train,smoothed,278,280,8881,42.18846617067538
POOLED/train,smoothed,280,282,9576,46.478094978130684
POOLED/train,smoothed,282,284,15577,64.66523149297063
POOLED/train,smoothed,284,286,5876,28.79424041097809
POOLED/train,smoothed,286,288,5098,24.408670704749966
POOLED/train,smoothed,288,290,5762,28.79988357723414
POOLED/train,smoothed,290,292,6773,35.581985089076625
POOLED/train,smoothed,292,294,6493,32.19964218650421
POOLED/train,smoothed,294,296,7129,34.639364128954185
POOLED/train,smoothed,296,298,7478,37.4487170020293
POOLED/train,smoothed,298,300,7363,37.6364568610079
POOLED/train,smoothed,300,302,5974,29.747694634017535
POOLED/train,smoothed,302,304,5969,29.116797500199027
POOLED/train,smoothed,304,306,4918,22.01169773865695
POOLED/train,smoothed,306,308,4912,21.204382820866158
POOLED/train,smoothed,308,310,5072,21.78174213008242
POOLED/train,smoothed,310,312,15002,61.49727871493815
POOLED/train,smoothed,312,314,6909,28.722820281273016
POOLED/train,smoothed,314,316,6968,28.92950428707627
POOLED/train,smoothed,316,318,7731,30.955246016550518
POOLED/train,smoothed,318,320,8387,33.865589426946826
POOLED/train,smoothed,320,322,9178,37.66262364762588
POOLED/train,smoothed,322,324,8863,36.26890575124344
POOLED/train,smoothed,324,326,10320,46.914503957792476
POOLED/train,smoothed,326,328,223939,1137.9313699341656
POOLED/train,smoothed,328,330,87855,446.5938615785708
POOLED/train,smoothed,330,332,9250,41.89121065823201
POOLED/train,smoothed,332,334,7303,32.10041706806442
POOLED/train,smoothed,334,336,7260,31.622829513718898
POOLED/train,smoothed,336,338,7645,34.46249121758228
POOLED/train,smoothed,338,340,8812,37.973729212069884
POOLED/train,smoothed,340,342,10519,45.17636396605303
POOLED/train,smoothed,342,344,47820,242.18871096717703
POOLED/train,smoothed,344,346,152105,963.2927087019452
POOLED/train,smoothed,346,348,15646,67.22809613128629
POOLED/train,smoothed,348,350,10196,44.26575587669868
POOLED/train,smoothed,350,352,7829,34.298952599037875
POOLED/train,smoothed,352,354,7233,31.54786708582469
POOLED/train,smoothed,354,356,7797,34.64106799622823
POOLED/train,smoothed,356,358,8910,40.09850256489881
POOLED/train,smoothed,358,360,10839,49.0862573219747
POOLED/train,relative,0,2,913969,5662.724279154445
POOLED/train,relative,2,4,30059,165.74765383588692
POOLED/train,relative,4,6,14762,79.23615126859659
POOLED/train,relative,6,8,10746,57.465195905665496
POOLED/train,relative,8,10,9533,51.48480543916503
POOLED/train,relative,10,12,7653,40.24048017874793
POOLED/train,relative,12,14,7140,37.270275831726394
POOLED/train,relative,14,16,7233,37.14373075137155
POOLED/train,relative,16,18,6839,35.286572724636244
POOLED/train,relative,18,20,6620,33.73727431713996
POOLED/train,relative,20,22,7055,37.02735682401726
POOLED/train,relative,22,24,7833,42.45207027773813
POOLED/train,relative,24,26,9228,49.54115452523092
POOLED/train,relative,26,28,9372,50.44695803542345
POOLED/train,relative,28,30,9712,53.40705873248862
POOLED/train,relative,30,32,11536,64.4097869048901
POOLED/train,relative,32,34,12310,68.3786743661658
POOLED/train,relative,34,36,12485,69.30786883503242
POOLED/train,relative,36,38,10576,56.60225222988356
POOLED/train,relative,38,40,9988,55.928550571054984
POOLED/train,relative,40,42,7293,38.149028887111854
POOLED/train,relative,42,44,7636,41.98227529358246
POOLED/train,relative,44,46,7350,40.27894024292709
POOLED/train,relative,46,48,8319,47.31141269057753
POOLED/train,relative,48,50,8353,47.840810171704106
POOLED/train,relative,50,52,5645,29.93882976535042
POOLED/train,relative,52,54,6207,34.26777954778481
POOLED/train,relative,54,56,6627,36.47808096327026
POOLED/train,relative,56,58,6481,35.57271060373387
POOLED/train,relative,58,60,6021,32.45303469696137
POOLED/train,relative,60,62,4927,25.136235638624385
POOLED/train,relative,62,64,5725,30.594621154920787
POOLED/train,relative,64,66,6357,35.56266787363984
POOLED/train,relative,66,68,6697,37.36089922001429
POOLED/train,relative,68,70,5789,31.190983163644887
POOLED/train,relative,70,72,4845,24.584954607096734
POOLED/train,relative,72,74,5185,27.1478668518821
POOLED/train,relative,74,76,4215,20.55150446011612
POOLED/train,relative,76,78,3891,17.563854019285827
POOLED/train,relative,78,80,3379,14.723827959614027
POOLED/train,relative,80,82,3202,13.078288885819347
POOLED/train,relative,82,84,3407,13.736394737639785
POOLED/train,relative,84,86,3949,15.292694990912423
POOLED/train,relative,86,88,5488,22.14049842856366
POOLED/train,relative,88,90,5934,23.53459297481004
POOLED/train,relative,90,92,6679,26.185218887691917
POOLED/train,relative,92,94,7784,28.921568907813707
POOLED/train,relative,94,96,9162,33.77460921218699
POOLED/train,relative,96,98,8385,31.575565840352283
POOLED/train,relative,98,100,5960,22.361815047217533
POOLED/train,relative,100,102,5248,19.983746456116023
POOLED/train,relative,102,104,4827,18.27448023344914
POOLED/train,relative,104,106,3631,14.366438957678838
POOLED/train,relative,106,108,4123,17.132916635794572
POOLED/train,relative,108,110,5382,21.92300588724629
POOLED/train,relative,110,112,4107,17.610304860053475
POOLED/train,relative,112,114,3717,15.634341412781396
POOLED/train,relative,114,116,3640,15.172249284145437
POOLED/train,relative,116,118,3739,15.34136941894576
POOLED/train,relative,118,120,3362,13.793260335445666
POOLED/train,relative,120,122,3234,12.791986097846348
POOLED/train,relative,122,124,3238,12.689284363166735
POOLED/train,relative,124,126,3246,13.096717565896142
POOLED/train,relative,126,128,7427,28.625966416488154
POOLED/train,relative,128,130,11764,43.100288181742144
POOLED/train,relative,130,132,3478,13.220372483514438
POOLED/train,relative,132,134,3115,11.878305225536678
POOLED/train,relative,134,136,3595,14.013455002042974
POOLED/train,relative,136,138,3433,13.213134460244873
POOLED/train,relative,138,140,3466,13.310715110666024
POOLED/train,relative,140,142,8799,31.16514345663836
POOLED/train,relative,142,144,8068,28.70271850413792
POOLED/train,relative,144,146,27214,94.67464288588144
POOLED/train,relative,146,148,9904,34.78124430428397
POOLED/train,relative,148,150,4224,15.035842930913532
POOLED/train,relative,150,152,4203,15.243785521542122
POOLED/train,relative,152,154,4548,15.913733555317776
POOLED/train,relative,154,156,4231,14.802706622762344
POOLED/train,relative,156,158,4433,15.303389832350149
POOLED/train,relative,158,160,4832,16.99828680795872
POOLED/train,relative,160,162,4521,15.687999304327604
POOLED/train,relative,162,164,5147,18.186616410908755
POOLED/train,relative,164,166,5734,20.13774317590469
POOLED/train,relative,166,168,15555,61.18371190175458
POOLED/train,relative,168,170,6815,24.32443172953026
POOLED/train,relative,170,172,33488,111.24866356327584
POOLED/train,relative,172,174,11383,39.00582600611415
POOLED/train,relative,174,176,14578,51.05603898701338
POOLED/train,relative,176,178,24331,83.94460083693411
POOLED/train,relative,178,180,189729,654.7681509714093
POOLED/train,relative,180,182,172139,585.0554629625767
POOLED/train,relative,182,184,30979,106.06494928371103
POOLED/train,relative,184,186,31934,105.84661889265226
POOLED/train,relative,186,188,18559,62.002833061267665
POOLED/train,relative,188,190,9176,31.779604583398395
POOLED/train,relative,190,192,8103,28.2171727592322
POOLED/train,relative,192,194,8481,29.879021896455015
POOLED/train,relative,194,196,9181,33.076763634460804
POOLED/train,relative,196,198,40127,145.25298020484115
POOLED/train,relative,198,200,11915,42.807785153985606
POOLED/train,relative,200,202,7349,26.48115597735523
POOLED/train,relative,202,204,8170,29.735323017635892
POOLED/train,relative,204,206,8432,30.63982835011302
POOLED/train,relative,206,208,8407,30.900025008386365
POOLED/train,relative,208,210,10100,36.01434064005116
POOLED/train,relative,210,212,46167,159.1900944992576
POOLED/train,relative,212,214,25650,108.60462110276421
POOLED/train,relative,214,216,20439,77.58163616481397
POOLED/train,relative,216,218,8198,30.67106390040317
POOLED/train,relative,218,220,40603,148.679730515576
POOLED/train,relative,220,222,6887,25.584618738810605
POOLED/train,relative,222,224,3977,15.37812458098415
POOLED/train,relative,224,226,4131,16.052073704828217
POOLED/train,relative,226,228,3963,15.137547717124107
POOLED/train,relative,228,230,5499,20.156654259273637
POOLED/train,relative,230,232,18189,64.42748563279929
POOLED/train,relative,232,234,9311,38.26007601448691
POOLED/train,relative,234,236,22492,84.90490753124323
POOLED/train,relative,236,238,12763,46.17376628465354
POOLED/train,relative,238,240,3207,13.075421879910209
POOLED/train,relative,240,242,2805,11.849962841242814
POOLED/train,relative,242,244,2972,12.401605163215208
POOLED/train,relative,244,246,3203,13.30477933317161
POOLED/train,relative,246,248,3748,16.355193318124293
POOLED/train,relative,248,250,4844,21.628012008730366
POOLED/train,relative,250,252,4182,18.382908581474112
POOLED/train,relative,252,254,4741,20.82272894128255
POOLED/train,relative,254,256,34473,160.77125946992237
POOLED/train,relative,256,258,5763,25.895441346247026
POOLED/train,relative,258,260,4447,19.35992863875981
POOLED/train,relative,260,262,5443,24.450219514030323
POOLED/train,relative,262,264,6032,27.12351596806002
POOLED/train,relative,264,266,7083,31.920746531872283
POOLED/train,relative,266,268,7748,34.74720944309047
POOLED/train,relative,268,270,10077,44.32350671929089
POOLED/train,relative,270,272,13013,56.48007368219078
POOLED/train,relative,272,274,12025,52.47650424074891
POOLED/train,relative,274,276,9193,41.24211427905357
POOLED/train,relative,276,278,6229,27.833190784742328
POOLED/train,relative,278,280,4881,22.731210176725654
POOLED/train,relative,280,282,3856,17.7013452616593
POOLED/train,relative,282,284,3904,18.412934495905574
POOLED/train,relative,284,286,4089,19.6693722716318
POOLED/train,relative,286,288,5606,30.003691030340633
POOLED/train,relative,288,290,8346,48.20272416323496
POOLED/train,relative,290,292,20539,125.63218941333434
POOLED/train,relative,292,294,5558,29.739824692665934
POOLED/train,relative,294,296,4519,22.93804488162823
POOLED/train,relative,296,298,4575,23.549414750570577
POOLED/train,relative,298,300,4731,23.752643982628797
POOLED/train,relative,300,302,4766,24.251255924828
POOLED/train,relative,302,304,4687,23.170219329898828
POOLED/train,relative,304,306,15006,94.29659718113726
POOLED/train,relative,306,308,4958,25.464854257237675
POOLED/train,relative,308,310,5000,25.156935984159645
POOLED/train,relative,310,312,6285,34.70893498601072
POOLED/train,relative,312,314,10827,68.06375671032765
POOLED/train,relative,314,316,6408,35.97764643938899
POOLED/train,relative,316,318,6591,37.33179123690934
POOLED/train,relative,318,320,6293,34.940506219390954
POOLED/train,relative,320,322,5861,30.605703576035012
POOLED/train,relative,322,324,6107,31.73903785060611
POOLED/train,relative,324,326,6941,36.97234553076123
POOLED/train,relative,326,328,7509,40.658708243436195
POOLED/train,relative,328,330,8074,42.94559560984271
POOLED/train,relative,330,332,9566,51.97824679846053
POOLED/train,relative,332,334,11218,63.28243750922411
POOLED/train,relative,334,336,10989,63.070784627618195
POOLED/train,relative,336,338,8811,49.44233677404554
POOLED/train,relative,338,340,7499,41.31247321399678
POOLED/train,relative,340,342,9202,53.449493257134236
POOLED/train,relative,342,344,8603,49.240130584072176
POOLED/train,relative,344,346,7925,44.15089153020381
POOLED/train,relative,346,348,7667,42.03177738186605
POOLED/train,relative,348,350,8103,44.34317626279699
POOLED/train,relative,350,352,9252,51.8683151923251
POOLED/train,relative,352,354,10772,59.03891275339629
POOLED/train,relative,354,356,15355,85.69990345163205
POOLED/train,relative,356,358,34262,201.8950909782343
POOLED/train,relative,358,360,1226226,7793.110824596884
POOLED/val,raw,0,2,2047,9.478139228547693
POOLED/val,raw,2,4,3874,15.706732866277836
POOLED/val,raw,4,6,2353,10.92276895746923
POOLED/val,raw,6,8,3317,15.052849429886791
POOLED/val,raw,8,10,1520,6.707904915913929
POOLED/val,raw,10,12,1539,7.119599897020542
POOLED/val,raw,12,14,1394,6.781295761618011
POOLED/val,raw,14,16,1724,8.807891940631507
POOLED/val,raw,16,18,1607,6.954178016643468
POOLED/val,raw,18,20,1571,6.888637584688681
POOLED/val,raw,20,22,1231,5.2321954280732115
POOLED/val,raw,22,24,1227,5.04262531267733
POOLED/val,raw,24,26,2150,9.521718087472962
POOLED/val,raw,26,28,6197,28.29031667899092
POOLED/val,raw,28,30,1062,4.3121653744552475
POOLED/val,raw,30,32,957,3.832340648240404
POOLED/val,raw,32,34,930,3.7170487060572555
POOLED/val,raw,34,36,2721,10.200849427092919
POOLED/val,raw,36,38,4793,17.188781476525378
POOLED/val,raw,38,40,1426,5.752113011903305
POOLED/val,raw,40,42,1888,7.352344894749137
POOLED/val,raw,42,44,4542,18.65961500630621
POOLED/val,raw,44,46,53148,276.3483804469539
POOLED/val,raw,46,48,2787,11.385969526899146
POOLED/val,raw,48,50,1502,5.689262423831167
POOLED/val,raw,50,52,1424,5.751373160064986
POOLED/val,raw,52,54,1050,3.9777517416615638
POOLED/val,raw,54,56,1328,5.0461824070793
POOLED/val,raw,56,58,1434,5.385450597395447
POOLED/val,raw,58,60,1692,6.516918685500173
POOLED/val,raw,60,62,1706,6.325316718513591
POOLED/val,raw,62,64,1535,5.748145897994959
POOLED/val,raw,64,66,1300,4.95077213476884
POOLED/val,raw,66,68,1221,4.585981223917656
POOLED/val,raw,68,70,1149,4.259534896468381
POOLED/val,raw,70,72,1134,4.2306614753438225
POOLED/val,raw,72,74,1483,5.864293882175048
POOLED/val,raw,74,76,9907,36.79731192020802
POOLED/val,raw,76,78,2443,8.96696869808136
POOLED/val,raw,78,80,1192,4.69139910521551
POOLED/val,raw,80,82,1360,5.062398081447668
POOLED/val,raw,82,84,1050,4.261073483635073
POOLED/val,raw,84,86,1527,5.598101010097139
POOLED/val,raw,86,88,1861,7.189910891611248
POOLED/val,raw,88,90,9700,46.920867762927855
POOLED/val,raw,90,92,1431,6.4338864786524255
POOLED/val,raw,92,94,1039,4.096870573416936
POOLED/val,raw,94,96,892,3.72150116981652
POOLED/val,raw,96,98,1313,5.035192629448943
POOLED/val,raw,98,100,1160,5.214396650151457
POOLED/val,raw,100,102,1553,8.6314075336403
POOLED/val,raw,102,104,1399,7.571228528914844
POOLED/val,raw,104,106,1932,10.19403597211965
POOLED/val,raw,106,108,8697,33.40294528322511
POOLED/val,raw,108,110,1209,5.396183994406897
POOLED/val,raw,110,112,1005,4.673210470254389
POOLED/val,raw,112,114,4181,15.211503209588955
POOLED/val,raw,114,116,4189,15.516723125578892
POOLED/val,raw,116,118,1515,6.529017994083233
POOLED/val,raw,118,120,3996,16.87203864205412
POOLED/val,raw,120,122,1575,8.039837328360704
POOLED/val,raw,122,124,1597,7.973751511517889
POOLED/val,raw,124,126,1797,9.271247401540677
POOLED/val,raw,126,128,2616,12.283549563653764
POOLED/val,raw,128,130,12477,60.145125499643996
POOLED/val,raw,130,132,121527,843.6740162334763
POOLED/val,raw,132,134,7584,50.45172303481081
POOLED/val,raw,134,136,1225,5.899363019707835
POOLED/val,raw,136,138,1377,6.29858418189724
POOLED/val,raw,138,140,1592,7.138849618842642
POOLED/val,raw,140,142,1531,6.464743211295627
POOLED/val,raw,142,144,1242,5.522699827081624
POOLED/val,raw,144,146,1660,8.452942760726728
POOLED/val,raw,146,148,32540,197.65771043320638
POOLED/val,raw,148,150,23862,111.00361955062317
POOLED/val,raw,150,152,3481,14.192998397658357
POOLED/val,raw,152,154,915,4.266933189899191
POOLED/val,raw,154,156,769,3.5786720978276207
POOLED/val,raw,156,158,954,3.9920708973022556
POOLED/val,raw,158,160,1348,5.255537472095057
POOLED/val,raw,160,162,1224,5.188694301761188
POOLED/val,raw,162,164,2490,11.197461903115254
POOLED/val,raw,164,166,13767,71.78423341899543
POOLED/val,raw,166,168,1583,6.41569642035347
POOLED/val,raw,168,170,779,3.540982111616813
POOLED/val,raw,170,172,737,3.2390614519977134
POOLED/val,raw,172,174,560,2.5428240596156684
POOLED/val,raw,174,176,603,2.7313368580248607
POOLED/val,raw,176,178,724,3.2346602464513126
POOLED/val,raw,178,180,956,4.358572917611582
POOLED/val,raw,180,182,784,3.9166317364388306
POOLED/val,raw,182,184,922,4.966922726259327
POOLED/val,raw,184,186,1019,5.197880976861143
POOLED/val,raw,186,188,951,4.5908538151975335
POOLED/val,raw,188,190,1000,4.3293693541245375
POOLED/val,raw,190,192,799,3.4918348696792236
POOLED/val,raw,192,194,778,3.889302903382031
POOLED/val,raw,194,196,981,4.998738715984928
POOLED/val,raw,196,198,1420,7.907580359712483
POOLED/val,raw,198,200,2857,16.4009872828683
POOLED/val,raw,200,202,4542,26.353499020508025
POOLED/val,raw,202,204,4041,16.412608312152315
POOLED/val,raw,204,206,834,4.947570244235976
POOLED/val,raw,206,208,1237,7.331544393982767
POOLED/val,raw,208,210,1184,6.986897963490719
POOLED/val,raw,210,212,1019,6.044840035519883
POOLED/val,raw,212,214,2064,13.44190692588927
POOLED/val,raw,214,216,1920,11.81030604139005
POOLED/val,raw,216,218,1733,7.783648030705081
POOLED/val,raw,218,220,2717,11.724106312737604
POOLED/val,raw,220,222,1992,11.228728681897792
POOLED/val,raw,222,224,10922,49.21875697447831
POOLED/val,raw,224,226,103844,624.2492952664097
POOLED/val,raw,226,228,4365,22.936558356687783
POOLED/val,raw,228,230,2431,11.799653806125662
POOLED/val,raw,230,232,6704,24.954457171247668
POOLED/val,raw,232,234,2164,11.169428806289488
POOLED/val,raw,234,236,1387,7.092416969469923
POOLED/val,raw,236,238,1612,7.771087699180043
POOLED/val,raw,238,240,1757,8.401061798543651
POOLED/val,raw,240,242,1484,7.025622012192798
POOLED/val,raw,242,244,1384,6.664652373249282
POOLED/val,raw,244,246,1244,6.3150840691741905
POOLED/val,raw,246,248,1482,7.586963039461807
POOLED/val,raw,248,250,1987,10.897730645901902
POOLED/val,raw,250,252,2474,13.790630367362155
POOLED/val,raw,252,254,2348,12.165315301153896
POOLED/val,raw,254,256,2416,12.767555687274125
POOLED/val,raw,256,258,2005,10.280547069693966
POOLED/val,raw,258,260,2139,11.49020526076356
POOLED/val,raw,260,262,1920,10.376108208410642
POOLED/val,raw,262,264,1743,9.253107321958396
POOLED/val,raw,264,266,1834,9.122971886220967
POOLED/val,raw,266,268,2396,12.14186340009337
POOLED/val,raw,268,270,31825,185.07932377837096
POOLED/val,raw,270,272,3883,19.8447561898779
POOLED/val,raw,272,274,2495,11.295712716234902
POOLED/val,raw,274,276,5294,21.141480266405324
POOLED/val,raw,276,278,1968,9.32194388145308
POOLED/val,raw,278,280,1622,7.598342345117544
POOLED/val,raw,280,282,2240,11.27870226747973
POOLED/val,raw,282,284,3570,14.982361791011954
POOLED/val,raw,284,286,1117,5.531590677372151
POOLED/val,raw,286,288,970,4.610490221137752
POOLED/val,raw,288,290,894,4.343117021638591
POOLED/val,raw,290,292,1075,5.36379991700278
POOLED/val,raw,292,294,1148,5.666361421999227
POOLED/val,raw,294,296,1547,7.736504060971129
POOLED/val,raw,296,298,1372,6.6590869940368975
POOLED/val,raw,298,300,1336,6.60045085755246
POOLED/val,raw,300,302,1178,5.46861732468642
POOLED/val,raw,302,304,1108,5.248901895526615
POOLED/val,raw,304,306,841,3.7072030959939184
POOLED/val,raw,306,308,877,3.6204175087373187
POOLED/val,raw,308,310,1057,4.617328914946484
POOLED/val,raw,310,312,3649,14.057002598261533
POOLED/val,raw,312,314,1345,5.4019034843304325
POOLED/val,raw,314,316,1409,5.7621279100603715
POOLED/val,raw,316,318,1539,5.949892113743772
POOLED/val,raw,318,320,1641,6.698773474620793
POOLED/val,raw,320,322,1795,7.06433531638686
POOLED/val,raw,322,324,1662,6.629752031306907
POOLED/val,raw,324,326,2108,9.454020802193554
POOLED/val,raw,326,328,43792,217.8384127166869
POOLED/val,raw,328,330,17931,88.83606559375357
POOLED/val,raw,330,332,2036,8.97800934420593
POOLED/val,raw,332,334,1415,6.21020063441847
POOLED/val,raw,334,336,1393,6.023719550392343
POOLED/val,raw,336,338,1541,6.510557889565462
POOLED/val,raw,338,340,2012,8.123518448564027
POOLED/val,raw,340,342,2208,9.305263367737098
POOLED/val,raw,342,344,10255,51.58842746034952
POOLED/val,raw,344,346,31846,197.5815610981481
POOLED/val,raw,346,348,3210,13.696841719807708
POOLED/val,raw,348,350,1702,7.427879891311932
POOLED/val,raw,350,352,1606,6.872380193818572
POOLED/val,raw,352,354,1509,6.384699688014734
POOLED/val,raw,354,356,1717,7.276366087953647
POOLED/val,raw,356,358,1814,8.123508527101876
POOLED/val,raw,358,360,2155,9.887674716514084
POOLED/val,smoothed,0,2,2053,9.52025642425327
POOLED/val,smoothed,2,4,3899,15.836757051628956
POOLED/val,smoothed,4,6,2385,11.068221575222879
POOLED/val,smoothed,6,8,3264,14.855599249181033
POOLED/val,smoothed,8,10,1562,6.930553499296586
POOLED/val,smoothed,10,12,1569,7.23290804688699
POOLED/val,smoothed,12,14,1375,6.76141143957436
POOLED/val,smoothed,14,16,1765,8.906549712061405
POOLED/val,smoothed,16,18,1562,6.785100956450421
POOLED/val,smoothed,18,20,1584,6.956998513586498
POOLED/val,smoothed,20,22,1252,5.355030042796287
POOLED/val,smoothed,22,24,1224,5.02789988623536
POOLED/val,smoothed,24,26,2159,9.531861705973313
POOLED/val,smoothed,26,28,6153,28.125851071571873
POOLED/val,smoothed,28,30,1088,4.411596170130508
POOLED/val,smoothed,30,32,966,3.859794332701483
POOLED/val,smoothed,32,34,959,3.8795003144009854
POOLED/val,smoothed,34,36,2720,10.202597477073084
POOLED/val,smoothed,36,38,4917,17.62407126491044
POOLED/val,smoothed,38,40,1415,5.710403457645953
POOLED/val,smoothed,40,42,1902,7.411275992695124
POOLED/val,smoothed,42,44,4454,18.24737558555887
POOLED/val,smoothed,44,46,53048,276.0505834449009
POOLED/val,smoothed,46,48,2788,11.358903946951273
POOLED/val,smoothed,48,50,1462,5.503898568520299
POOLED/val,smoothed,50,52,1455,5.860096609007883
POOLED/val,smoothed,52,54,1113,4.2268063525609705
POOLED/val,smoothed,54,56,1295,4.916815330002009
POOLED/val,smoothed,56,58,1422,5.329835997030386
POOLED/val,smoothed,58,60,1697,6.512456839107358
POOLED/val,smoothed,60,62,1694,6.32372215516466
POOLED/val,smoothed,62,64,1532,5.739634226257294
POOLED/val,smoothed,64,66,1317,4.999629361697089
POOLED/val,smoothed,66,68,1223,4.58932613348486
POOLED/val,smoothed,68,70,1157,4.309281366441155
POOLED/val,smoothed,70,72,1152,4.3268297476992075
POOLED/val,smoothed,72,74,1508,5.899016430114102
POOLED/val,smoothed,74,76,9897,36.78146148043368
POOLED/val,smoothed,76,78,2407,8.852633290905032
POOLED/val,smoothed,78,80,1198,4.711291647374537
POOLED/val,smoothed,80,82,1317,4.906282153680763
POOLED/val,smoothed,82,84,1078,4.3493289114544496
POOLED/val,smoothed,84,86,1580,5.825654704744466
POOLED/val,smoothed,86,88,1798,6.8763267760981535
POOLED/val,smoothed,88,90,9657,46.80573977640506
POOLED/val,smoothed,90,92,1433,6.40356586921564
POOLED/val,smoothed,92,94,1024,4.0614538335574935
POOLED/val,smoothed,94,96,917,3.7936467695705005
POOLED/val,smoothed,96,98,1302,5.008634065725005
POOLED/val,smoothed,98,100,1165,5.25681385388134
POOLED/val,smoothed,100,102,1565,8.650254876483132
POOLED/val,smoothed,102,104,1440,7.784983170360192
POOLED/val,smoothed,104,106,1986,10.44416063238316
POOLED/val,smoothed,106,108,8640,33.244396047759665
POOLED/val,smoothed,108,110,1180,5.25964483999951
POOLED/val,smoothed,110,112,1041,4.840096988215919
POOLED/val,smoothed,112,114,4140,15.08334009404939
POOLED/val,smoothed,114,116,4304,16.008330117615742
POOLED/val,smoothed,116,118,1518,6.4207283148391525
POOLED/val,smoothed,118,120,3980,16.911651774552638
POOLED/val,smoothed,120,122,1632,8.263557941350655
POOLED/val,smoothed,122,124,1656,8.255598315518114
POOLED/val,smoothed,124,126,1819,9.371663985665919
POOLED/val,smoothed,126,128,2676,12.580000106037119
POOLED/val,smoothed,128,130,12310,58.879222636931786
POOLED/val,smoothed,130,132,122395,849.8147291287796
POOLED/val,smoothed,132,134,6828,45.266223031112304
POOLED/val,smoothed,134,136,1231,5.8481956661337335
POOLED/val,smoothed,136,138,1378,6.342671554534945
POOLED/val,smoothed,138,140,1584,7.12898116838187
POOLED/val,smoothed,140,142,1538,6.491254772883622
POOLED/val,smoothed,142,144,1266,5.696194012869228
POOLED/val,smoothed,144,146,1681,8.471853741302539
POOLED/val,smoothed,146,148,32937,200.14065798794127
POOLED/val,smoothed,148,150,23168,107.07630067611626
POOLED/val,smoothed,150,152,3480,14.026243549239098
POOLED/val,smoothed,152,154,915,4.326742067826672
POOLED/val,smoothed,154,156,804,3.6706180934165786
POOLED/val,smoothed,156,158,954,3.966638043622879
POOLED/val,smoothed,158,160,1341,5.23879585714576
POOLED/val,smoothed,160,162,1226,5.185899232241809
POOLED/val,smoothed,162,164,2408,10.763131527995029
POOLED/val,smoothed,164,166,13765,71.85908126530285
POOLED/val,smoothed,166,168,1594,6.402866151317539
POOLED/val,smoothed,168,170,781,3.5154842439646927
POOLED/val,smoothed,170,172,742,3.3316584329782017
POOLED/val,smoothed,172,174,581,2.580980796469703
POOLED/val,smoothed,174,176,595,2.717931243629664
POOLED/val,smoothed,176,178,759,3.428376421464691
POOLED/val,smoothed,178,180,948,4.321462490316662
POOLED/val,smoothed,180,182,793,3.9357578580124937
POOLED/val,smoothed,182,184,903,4.9022749291575565
POOLED/val,smoothed,184,186,1011,5.124159899433835
POOLED/val,smoothed,186,188,961,4.640761533670229
POOLED/val,smoothed,188,190,1004,4.434873502054415
POOLED/val,smoothed,190,192,830,3.600836406219969
POOLED/val,smoothed,192,194,785,3.9415891125495364
POOLED/val,smoothed,194,196,998,5.072224929418098
POOLED/val,smoothed,196,198,1408,7.829723439018835
POOLED/val,smoothed,198,200,2865,16.473263573944223
POOLED/val,smoothed,200,202,4621,26.769229066170737
POOLED/val,smoothed,202,204,4062,16.500080463586983
POOLED/val,smoothed,204,206,845,5.045419810108797
POOLED/val,smoothed,206,208,1249,7.40487582387459
POOLED/val,smoothed,208,210,1200,7.068505592409565
POOLED/val,smoothed,210,212,1025,6.113085072544891
POOLED/val,smoothed,212,214,2118,13.718614020261157
POOLED/val,smoothed,214,216,1877,11.644884176548203
POOLED/val,smoothed,216,218,1785,8.041440181814778
POOLED/val,smoothed,218,220,2725,11.702373640362566
POOLED/val,smoothed,220,222,1975,11.151896601851604
POOLED/val,smoothed,222,224,10560,47.16728941972406
POOLED/val,smoothed,224,226,103838,624.4008997143951
POOLED/val,smoothed,226,228,4311,22.58911031050002
POOLED/val,smoothed,228,230,2424,11.697618502114892
POOLED/val,smoothed,230,232,6802,25.413309721235237
POOLED/val,smoothed,232,234,2193,11.270727830485157
POOLED/val,smoothed,234,236,1404,7.156188236716844
POOLED/val,smoothed,236,238,1598,7.767482242753886
POOLED/val,smoothed,238,240,1780,8.491828219112449
POOLED/val,smoothed,240,242,1466,6.9948635213659145
POOLED/val,smoothed,242,244,1390,6.694751775743043
POOLED/val,smoothed,244,246,1264,6.415386228787611
POOLED/val,smoothed,246,248,1516,7.717251492654668
POOLED/val,smoothed,248,250,1960,10.8400904733262
POOLED/val,smoothed,250,252,2527,14.127927765795903
POOLED/val,smoothed,252,254,2381,12.304927098202825
POOLED/val,smoothed,254,256,2447,12.993181239142814
POOLED/val,smoothed,256,258,1977,10.104323514131465
POOLED/val,smoothed,258,260,2180,11.777765125881615
POOLED/val,smoothed,260,262,1932,10.369107426550727
POOLED/val,smoothed,262,264,1744,9.323370681770484
POOLED/val,smoothed,264,266,1823,9.103236544736319
POOLED/val,smoothed,266,268,2403,12.155696773216732
POOLED/val,smoothed,268,270,31773,184.93120791164483
POOLED/val,smoothed,270,272,3760,19.048799206459535
POOLED/val,smoothed,272,274,2497,11.310071128843902
POOLED/val,smoothed,274,276,5250,21.002668706225904
POOLED/val,smoothed,276,278,2052,9.7372068372988
POOLED/val,smoothed,278,280,1641,7.653871225046714
POOLED/val,smoothed,280,282,2305,11.563508469108456
POOLED/val,smoothed,282,284,3571,14.965330260612973
POOLED/val,smoothed,284,286,1128,5.576053131917888
POOLED/val,smoothed,286,288,986,4.707121145804194
POOLED/val,smoothed,288,290,897,4.375785749098668
POOLED/val,smoothed,290,292,1116,5.50787731912078
POOLED/val,smoothed,292,294,1134,5.657819732252847
POOLED/val,smoothed,294,296,1560,7.767875488384561
POOLED/val,smoothed,296,298,1345,6.627152582590043
POOLED/val,smoothed,298,300,1403,6.837034578684779
POOLED/val,smoothed,300,302,1121,5.252139897485449
POOLED/val,smoothed,302,304,1143,5.395620606026114
POOLED/val,smoothed,304,306,870,3.824627268316817
POOLED/val,smoothed,306,308,843,3.466796575974058
POOLED/val,smoothed,308,310,1071,4.710022040680997
POOLED/val,smoothed,310,312,3655,14.049039855889077
POOLED/val,smoothed,312,314,1364,5.493021381938888
POOLED/val,smoothed,314,316,1379,5.615616460229376
POOLED/val,smoothed,316,318,1520,5.889272018482188
POOLED/val,smoothed,318,320,1635,6.710310198773186
POOLED/val,smoothed,320,322,1748,6.859075550151374
POOLED/val,smoothed,322,324,1698,6.865677362935003
POOLED/val,smoothed,324,326,2066,9.223346199417847
POOLED/val,smoothed,326,328,44293,220.5154087901724
POOLED/val,smoothed,328,330,17187,84.97273116389988
POOLED/val,smoothed,330,332,2037,8.94951110819693
POOLED/val,smoothed,332,334,1447,6.405589871811571
POOLED/val,smoothed,334,336,1452,6.322108151068278
POOLED/val,smoothed,336,338,1486,6.207743143478183
POOLED/val,smoothed,338,340,2127,8.6762890115333
POOLED/val,smoothed,340,342,2170,9.131468990538451
POOLED/val,smoothed,342,344,10004,49.98415563758863
POOLED/val,smoothed,344,346,32017,198.8511243810526
POOLED/val,smoothed,346,348,3228,13.633544177823751
POOLED/val,smoothed,348,350,1702,7.483449196159199
POOLED/val,smoothed,350,352,1654,7.0112992022568505
POOLED/val,smoothed,352,354,1460,6.193039926619349
POOLED/val,smoothed,354,356,1783,7.616397261409475
POOLED/val,smoothed,356,358,1810,8.152909094361348
POOLED/val,smoothed,358,360,2152,9.845194100968001
POOLED/val,relative,0,2,188746,1168.0949350579153
POOLED/val,relative,2,4,6153,33.63084977010453
POOLED/val,relative,4,6,3102,16.7014026100926
POOLED/val,relative,6,8,2242,11.87945959858871
POOLED/val,relative,8,10,1930,10.497664829415498
POOLED/val,relative,10,12,1539,8.107677536311485
POOLED/val,relative,12,14,1389,7.213366427862411
POOLED/val,relative,14,16,1437,7.401525339575755
POOLED/val,relative,16,18,1416,7.459334339463567
POOLED/val,relative,18,20,1328,7.002700199896708
POOLED/val,relative,20,22,1417,7.668241312680948
POOLED/val,relative,22,24,1665,9.09282738708157
POOLED/val,relative,24,26,1988,10.98584133646932
POOLED/val,relative,26,28,1864,10.050965374525731
POOLED/val,relative,28,30,2057,11.540612275631702
POOLED/val,relative,30,32,2527,14.042335393682606
POOLED/val,relative,32,34,2496,13.42524231630182
POOLED/val,relative,34,36,2834,15.293949780956382
POOLED/val,relative,36,38,2183,11.66065876770972
POOLED/val,relative,38,40,2339,13.497193676692632
POOLED/val,relative,40,42,1423,7.118219721339756
POOLED/val,relative,42,44,1451,7.808685020749181
POOLED/val,relative,44,46,1507,8.429091384592539
POOLED/val,relative,46,48,1722,10.042340287623574
POOLED/val,relative,48,50,1735,9.775388527783662
POOLED/val,relative,50,52,1386,7.456999741192021
POOLED/val,relative,52,54,1309,7.068156480143898
POOLED/val,relative,54,56,1384,7.7477087093893715
POOLED/val,relative,56,58,1504,8.38196964306212
POOLED/val,relative,58,60,1179,6.234949002485337
POOLED/val,relative,60,62,1168,6.34849228403732
POOLED/val,relative,62,64,854,4.2798580328717435
POOLED/val,relative,64,66,1147,6.157425793202947
POOLED/val,relative,66,68,1249,6.985601811940342
POOLED/val,relative,68,70,1163,6.170010223184136
POOLED/val,relative,70,72,1231,6.551595535548813
POOLED/val,relative,72,74,1129,5.594658279978603
POOLED/val,relative,74,76,810,3.739106594823852
POOLED/val,relative,76,78,778,3.5205645076991914
POOLED/val,relative,78,80,699,2.9485939947185216
POOLED/val,relative,80,82,590,2.358653522058148
POOLED/val,relative,82,84,751,3.0598474861351406
POOLED/val,relative,84,86,945,3.6132078066671056
POOLED/val,relative,86,88,1190,4.563289056878148
POOLED/val,relative,88,90,1202,4.698597189927796
POOLED/val,relative,90,92,1303,4.887576440725752
POOLED/val,relative,92,94,1341,4.815283551494758
POOLED/val,relative,94,96,1815,6.311600246852777
POOLED/val,relative,96,98,1792,6.567290066453779
POOLED/val,relative,98,100,1125,4.262298519684009
POOLED/val,relative,100,102,1036,3.9748606158455004
POOLED/val,relative,102,104,980,3.6013533995414946
POOLED/val,relative,104,106,890,3.709691853372533
POOLED/val,relative,106,108,834,3.464126611870597
POOLED/val,relative,108,110,1232,5.013608232908837
POOLED/val,relative,110,112,899,3.910039571000425
POOLED/val,relative,112,114,618,2.4510527410700433
POOLED/val,relative,114,116,557,2.180860376965711
POOLED/val,relative,116,118,800,3.354633036308769
POOLED/val,relative,118,120,776,3.2173927082699265
POOLED/val,relative,120,122,502,1.8392706984295728
POOLED/val,relative,122,124,567,2.124607442472552
POOLED/val,relative,124,126,511,1.801718719940709
POOLED/val,relative,126,128,1476,5.5061568292178436
POOLED/val,relative,128,130,2397,8.657166015661915
POOLED/val,relative,130,132,590,2.1381468179979493
POOLED/val,relative,132,134,587,2.337765790323374
POOLED/val,relative,134,136,655,2.5421746763645388
POOLED/val,relative,136,138,547,2.0459586831307206
POOLED/val,relative,138,140,509,1.8431457049960045
POOLED/val,relative,140,142,1267,4.573463649746827
POOLED/val,relative,142,144,1333,4.754613888907215
POOLED/val,relative,144,146,5897,20.34438857483883
POOLED/val,relative,146,148,2307,8.074319926180124
POOLED/val,relative,148,150,1060,3.665245448644555
POOLED/val,relative,150,152,850,3.0408634134075783
POOLED/val,relative,152,154,1049,3.8324715410162753
POOLED/val,relative,154,156,884,2.998411571072211
POOLED/val,relative,156,158,771,2.743510201904428
POOLED/val,relative,158,160,919,3.2847568895804216
POOLED/val,relative,160,162,781,2.7721777493081845
POOLED/val,relative,162,164,1006,3.51641352036404
POOLED/val,relative,164,166,912,3.147759426120956
POOLED/val,relative,166,168,3426,12.921318216138616
POOLED/val,relative,168,170,1186,4.1575667601464374
POOLED/val,relative,170,172,6639,22.218059218426106
POOLED/val,relative,172,174,2216,7.652040313891575
POOLED/val,relative,174,176,3110,10.745665007219486
POOLED/val,relative,176,178,5168,17.734159270496775
POOLED/val,relative,178,180,38990,133.73596846597184
POOLED/val,relative,180,182,34412,117.08870753898418
POOLED/val,relative,182,184,6722,23.086265702634137
POOLED/val,relative,184,186,6069,20.411808818413192
POOLED/val,relative,186,188,4207,14.047868317647044
POOLED/val,relative,188,190,1749,6.0868822408706365
POOLED/val,relative,190,192,1819,6.33081793536121
POOLED/val,relative,192,194,2127,7.614147248506015
POOLED/val,relative,194,196,1677,5.953038181240572
POOLED/val,relative,196,198,8146,29.173953858956338
POOLED/val,relative,198,200,2239,8.070173673554564
POOLED/val,relative,200,202,1591,5.573447153152756
POOLED/val,relative,202,204,1458,5.227949140066357
POOLED/val,relative,204,206,1925,7.021092694829804
POOLED/val,relative,206,208,1672,6.185819578391602
POOLED/val,relative,208,210,1955,6.932025913078633
POOLED/val,relative,210,212,9577,33.09759341854078
POOLED/val,relative,212,214,4912,20.86689738818086
POOLED/val,relative,214,216,3851,14.564840957062188
POOLED/val,relative,216,218,1666,6.292832570004066
POOLED/val,relative,218,220,8186,29.882979734755736
POOLED/val,relative,220,222,1372,5.046702634143912
POOLED/val,relative,222,224,820,3.068478242292713
POOLED/val,relative,224,226,777,3.043345203894205
POOLED/val,relative,226,228,762,2.843126822461727
POOLED/val,relative,228,230,1033,3.7351969035362345
POOLED/val,relative,230,232,4149,14.764607815066938
POOLED/val,relative,232,234,1855,7.630413891170974
POOLED/val,relative,234,236,4513,16.949034059730366
POOLED/val,relative,236,238,2893,10.24502192017917
POOLED/val,relative,238,240,479,1.9171611309529908
POOLED/val,relative,240,242,732,3.170117056161871
POOLED/val,relative,242,244,641,2.5922508466715044
POOLED/val,relative,244,246,581,2.4476516922613882
POOLED/val,relative,246,248,915,4.144577557276989
POOLED/val,relative,248,250,1236,5.793055360979906
POOLED/val,relative,250,252,727,3.1521966973832605
POOLED/val,relative,252,254,983,4.43876032440312
POOLED/val,relative,254,256,6980,32.787495888786
POOLED/val,relative,256,258,1171,5.390610561431458
POOLED/val,relative,258,260,861,3.7865179272580463
POOLED/val,relative,260,262,899,4.056352232453719
POOLED/val,relative,262,264,1218,5.283974783218127
POOLED/val,relative,264,266,1616,7.549444883073193
POOLED/val,relative,266,268,2326,11.32443428648321
POOLED/val,relative,268,270,2242,10.18336636064896
POOLED/val,relative,270,272,2503,10.858874814372484
POOLED/val,relative,272,274,2222,9.364106472426101
POOLED/val,relative,274,276,2186,10.129046450987971
POOLED/val,relative,276,278,1315,5.660425077604486
POOLED/val,relative,278,280,969,4.521160294763831
POOLED/val,relative,280,282,755,3.409834539444546
POOLED/val,relative,282,284,801,3.8260367333459726
POOLED/val,relative,284,286,916,4.486787728827039
POOLED/val,relative,286,288,1187,6.288896806538105
POOLED/val,relative,288,290,1843,10.706452883249312
POOLED/val,relative,290,292,4414,27.17068773420897
POOLED/val,relative,292,294,1363,7.668664654139775
POOLED/val,relative,294,296,939,4.8277147840130965
POOLED/val,relative,296,298,870,4.340470483037279
POOLED/val,relative,298,300,801,3.8177477794029073
POOLED/val,relative,300,302,954,4.959109161761262
POOLED/val,relative,302,304,1025,5.201630876806121
POOLED/val,relative,304,306,2763,17.46266395917837
POOLED/val,relative,306,308,895,4.58884755544841
POOLED/val,relative,308,310,859,4.095313461133628
POOLED/val,relative,310,312,1150,6.344939689002331
POOLED/val,relative,312,314,1891,11.476896773930093
POOLED/val,relative,314,316,1288,7.579115207815903
POOLED/val,relative,316,318,1661,10.030424096592924
POOLED/val,relative,318,320,1361,7.311864206757491
POOLED/val,relative,320,322,1126,5.847794009346671
POOLED/val,relative,322,324,1219,6.308876418608179
POOLED/val,relative,324,326,1336,6.950570058456378
POOLED/val,relative,326,328,1479,7.831572120274359
POOLED/val,relative,328,330,1564,8.137091262157355
POOLED/val,relative,330,332,1775,9.516255079788152
POOLED/val,relative,332,334,2051,11.250717783091204
POOLED/val,relative,334,336,2233,12.71697902134565
POOLED/val,relative,336,338,1811,9.999047487596272
POOLED/val,relative,338,340,1352,7.310885338555181
POOLED/val,relative,340,342,1706,9.789528194147351
POOLED/val,relative,342,344,1642,8.996439402193118
POOLED/val,relative,344,346,1509,8.166342686492044
POOLED/val,relative,346,348,1369,7.310805064299075
POOLED/val,relative,348,350,1581,8.517481048956142
POOLED/val,relative,350,352,1899,10.725321900598374
POOLED/val,relative,352,354,2300,12.957372806572039
POOLED/val,relative,354,356,2969,16.499154125451696
POOLED/val,relative,356,358,6876,40.07025264052345
POOLED/val,relative,358,360,254412,1617.7460178078127
